Company,Valuation ($B),Date Joined,Country,City,Industry,Year Joined
ByteDance,225.0,2017-04-07,China,Beijing,Media & Entertainment,2017
SpaceX,150.0,2012-12-01,United States,Hawthorne,Industrials,2012
OpenAI,80.0,2019-07-22,United States,San Francisco,Enterprise Tech,2019
SHEIN,66.0,2018-07-03,Singapore,Singapore City,Consumer & Retail,2018
Stripe,65.0,2014-01-23,United States,San Francisco,Financial Services,2014
Databricks,43.0,2019-02-05,United States,San Francisco,Enterprise Tech,2019
Canva,25.4,2018-01-08,Australia,Surry Hills,Enterprise Tech,2018
Revolut,33.0,2018-04-26,United Kingdom,London,Financial Services,2018
Epic Games,22.5,2018-10-26,United States,Cary,Media & Entertainment,2018
Fanatics,31.0,2012-06-06,United States,Jacksonville,Consumer & Retail,2012
Chime,25.0,2019-03-05,United States,San Francisco,Financial Services,2019
Xiaohongshu,20.0,2016-03-31,China,Shanghai,Media & Entertainment,2016
Miro,17.5,2022-01-05,United States,San Francisco,Enterprise Tech,2022
Anthropic,16.05,2023-02-03,United States,San Francisco,Enterprise Tech,2023
Yuanfudao,15.5,2017-05-31,China,Beijing,Consumer & Retail,2017
DJI Innovations,15.0,2015-01-23,China,Shenzhen,Industrials,2015
Discord,15.0,2018-04-20,United States,San Francisco,Media & Entertainment,2018
Gopuff,15.0,2020-10-08,United States,Philadelphia,Consumer & Retail,2020
Yuanqi Senlin,15.0,2020-03-01,China,Beijing,Consumer & Retail,2020
Ripple,15.0,2019-12-20,United States,San Francisco,Financial Services,2019
Plaid,13.5,2018-12-11,United States,San Francisco,Financial Services,2018
OpenSea,13.3,2021-07-20,United States,New York,Media & Entertainment,2021
Celonis,13.0,2018-06-26,Germany,Munich,Enterprise Tech,2018
Grammarly,13.0,2019-10-10,United States,San Francisco,Media & Entertainment,2019
Devoted Health,12.9,2018-10-16,United States,Waltham,Healthcare & Life Sciences,2018
Faire,12.59,2019-10-30,United States,San Francisco,Consumer & Retail,2019
Brex,12.3,2018-10-05,United States,San Francisco,Enterprise Tech,2018
JUUL Labs,12.0,2017-12-20,United States,San Francisco,Consumer & Retail,2017
Bitmain Technologies,12.0,2018-07-06,China,Beijing,Enterprise Tech,2018
GoodLeap,12.0,2021-10-13,United States,Roseville,Financial Services,2021
Xingsheng Selected,12.0,2020-07-22,China,Changsha,Consumer & Retail,2020
Deel,12.0,2021-04-21,United States,San Francisco,Enterprise Tech,2021
Airtable,11.7,2018-11-15,United States,San Francisco,Enterprise Tech,2018
BYJU's,11.5,2017-07-25,India,Bengaluru,Consumer & Retail,2017
ZongMu Technology,11.4,2021-06-03,China,Shanghai,Industrials,2021
Rippling,11.25,2020-08-04,United States,San Francisco,Enterprise Tech,2020
Global Switch,11.1,2016-12-22,United Kingdom,London,Enterprise Tech,2016
Checkout.com,11.0,2019-05-02,United Kingdom,London,Financial Services,2019
Bolt,11.0,2021-10-08,United States,San Francisco,Financial Services,2021
Alchemy,10.2,2021-10-28,United States,San Francisco,Enterprise Tech,2021
Huolala,10.0,2019-02-21,China,Guangzhou,Industrials,2019
Wiz,10.0,2021-03-17,Israel,Tel Aviv,Enterprise Tech,2021
Gusto,10.0,2015-12-18,United States,San Francisco,Financial Services,2015
Chehaoduo,10.0,2016-03-12,China,Beijing,Consumer & Retail,2016
Talkdesk,10.0,2018-10-03,United States,San Francisco,Enterprise Tech,2018
Notion,10.0,2020-04-01,United States,San Francisco,Enterprise Tech,2020
Digital Currency Group,10.0,2021-11-01,United States,New York,Financial Services,2021
KuCoin,10.0,2022-05-10,Seychelles,Victoria,Financial Services,2022
ServiceTitan,9.5,2018-11-14,United States,Glendale,Industrials,2018
HEYTEA,9.28,2019-07-01,China,Shenzhen,Consumer & Retail,2019
N26,9.23,2019-01-10,Germany,Berlin,Financial Services,2019
Navan,9.2,2018-11-08,United States,Palo Alto,Enterprise Tech,2018
VAST Data,9.1,2020-04-16,United States,New York,Enterprise Tech,2020
Northvolt,9.08,2019-06-12,Sweden,Stockholm,Industrials,2019
Tanium,9.0,2015-03-31,United States,Kirkland,Enterprise Tech,2015
Niantic,9.0,2017-11-24,United States,San Francisco,Media & Entertainment,2017
OYO Rooms,9.0,2018-09-25,India,Gurugram,Consumer & Retail,2018
Getir,8.8,2021-03-26,Turkey,Istanbul,Consumer & Retail,2021
Rapyd,8.75,2019-12-03,United Kingdom,London,Financial Services,2019
Kavak,8.7,2020-10-01,Mexico,Lerma de Villada,Industrials,2020
Nuro,8.6,2019-02-11,United States,Mountain View,Industrials,2019
Chainalysis,8.6,2020-11-23,United States,New York,Financial Services,2020
Pony.ai,8.6,2018-07-11,United States,Fremont,Industrials,2018
Personio,8.5,2021-01-19,Germany,Munich,Enterprise Tech,2021
Anduril,8.48,2019-09-11,United States,Irvine,Industrials,2019
SumUp,8.5,2019-07-16,United Kingdom,London,Financial Services,2019
Bolt,8.4,2018-05-29,Estonia,Tallinn,Industrials,2018
Lacework,8.3,2021-01-07,United States,San Jose,Enterprise Tech,2021
Tipalti,8.3,2020-10-06,United States,San Mateo,Enterprise Tech,2020
Tempus,8.1,2018-03-21,United States,Chicago,Healthcare & Life Sciences,2018
Swiggy,8.0,2018-06-21,India,Bengaluru,Consumer & Retail,2018
Dream11,8.0,2019-04-09,India,Mumbai,Media & Entertainment,2019
Fireblocks,8.0,2021-07-27,United States,New York,Financial Services,2021
Flexport,8.0,2018-04-30,United States,San Francisco,Industrials,2018
FalconX,8.0,2021-08-10,United States,San Mateo,Financial Services,2021
Caris,7.83,2021-05-12,United States,Irving,Healthcare & Life Sciences,2021
Dapper Labs,7.6,2021-03-30,Canada,Vancouver,Media & Entertainment,2021
Netskope,7.5,2018-11-13,United States,Santa Clara,Enterprise Tech,2018
Razorpay,7.5,2020-10-11,India,Bengaluru,Financial Services,2020
Automattic,7.5,2013-05-27,United States,San Francisco,Media & Entertainment,2013
Carta,7.4,2019-05-06,United States,San Francisco,Financial Services,2019
Snyk,7.4,2020-01-21,United States,Boston,Enterprise Tech,2020
Scale AI,7.3,2019-08-05,United States,San Francisco,Enterprise Tech,2019
Gong,7.25,2020-08-12,United States,Palo Alto,Enterprise Tech,2020
Gemini,7.1,2021-11-19,United States,New York,Financial Services,2021
Blockchain.com,7.0,2021-02-17,United Kingdom,London,Financial Services,2021
Toss,7.0,2018-12-09,South Korea,Seoul,Financial Services,2018
We Doctor,7.0,2015-09-22,China,Hangzhou,Healthcare & Life Sciences,2015
Ro,7.0,2020-07-27,United States,New York,Healthcare & Life Sciences,2020
ConsenSys,7.0,2021-11-17,United States,New York,Enterprise Tech,2021
Automation Anywhere,6.8,2018-07-02,United States,San Jose,Enterprise Tech,2018
1Password,6.8,2021-07-08,Canada,Toronto,Enterprise Tech,2021
Klarna,6.7,2011-12-12,Sweden,Stockholm,Financial Services,2011
Ziroom,6.6,2018-01-17,China,Beijing,Consumer & Retail,2018
SVOLT,6.51,2020-06-08,China,Changzhou,Industrials,2020
National Stock Exchange of India,6.5,2020-07-01,India,Mumbai,Financial Services,2020
Mollie,6.5,2020-09-08,Netherlands,Amsterdam,Financial Services,2020
Ola,7.5,2014-10-27,India,Bengaluru,Industrials,2014
Doctolib,6.4,2019-03-19,France,Paris,Healthcare & Life Sciences,2019
CRED,6.4,2021-04-06,India,Bengaluru,Financial Services,2021
DataRobot,6.3,2019-07-29,United States,Boston,Enterprise Tech,2019
Upgrade,6.28,2018-02-12,United States,San Francisco,Financial Services,2018
Hinge Health,6.2,2021-01-06,United States,San Francisco,Healthcare & Life Sciences,2021
Black Unicorn Factory,6.1,2021-05-20,United States,Los Angeles,Enterprise Tech,2021
Benchling,6.1,2021-04-14,United States,San Francisco,Healthcare & Life Sciences,2021
Applied Intuition,6.0,2020-10-22,United States,Sunnyvale,Industrials,2020
Commure,6.0,2021-09-16,United States,San Francisco,Healthcare & Life Sciences,2021
Royole Corporation,6.0,2015-08-18,China,Shenzhen,Industrials,2015
iCapital Network,6.0,2021-07-27,United States,New York,Financial Services,2021
6Sense,5.2,2021-03-30,United States,San Francisco,Enterprise Tech,2021
Attentive,5.99,2020-09-23,United States,Hoboken,Enterprise Tech,2020
Easyhome,5.78,2018-02-12,China,Beijing,Consumer & Retail,2018
Lianjia,5.77,2016-04-07,China,Beijing,Financial Services,2016
Cityblock Health,5.7,2020-12-10,United States,Brooklyn,Healthcare & Life Sciences,2020
Workato,5.7,2021-01-12,United States,Mountain View,Enterprise Tech,2021
Back Market,5.7,2021-05-18,France,Paris,Consumer & Retail,2021
RELEX,5.7,2022-02-17,Finland,Helsinki,Consumer & Retail,2022
The Boring Company,5.7,2022-04-20,United States,Pflugerville,Industrials,2022
Postman,5.6,2020-06-11,United States,San Francisco,Enterprise Tech,2020
FiveTran,5.6,2020-06-30,United States,Oakland,Enterprise Tech,2020
ContentSquare,5.6,2021-05-25,France,Paris,Enterprise Tech,2021
Trade Republic,5.36,2021-05-20,Germany,Berlin,Financial Services,2021
Rappi,5.25,2018-08-31,Colombia,Bogota,Consumer & Retail,2018
Collibra,5.25,2019-01-29,Belgium,Brussels,Enterprise Tech,2019
OneTrust,4.5,2019-07-11,United States,Atlanta,Enterprise Tech,2019
QuintoAndar,5.1,2019-09-09,Brazil,Campinas,Financial Services,2019
Monzo,5.07,2018-10-31,United Kingdom,London,Financial Services,2018
C6 Bank,5.05,2020-12-02,Brazil,Sao Paulo,Financial Services,2020
Redwood Materials,5.0,2021-07-28,United States,Carson City,Industrials,2021
Hello TransTech,5.0,2018-06-01,China,Shanghai,Industrials,2018
Airwallex,5.5,2019-03-25,Australia,Melbourne,Financial Services,2019
Mambu,5.5,2021-01-06,Netherlands,Amsterdam,Financial Services,2021
Horizon Robotics,5.0,2019-02-27,China,Beijing,Industrials,2019
Howden Group Holdings,5.0,2020-09-29,United Kingdom,London,Insurance,2020
SambaNova Systems,5.0,2021-04-13,United States,Palo Alto,Enterprise Tech,2021
ZEPZ,5.0,2021-08-23,United Kingdom,London,Financial Services,2021
OakNorth Bank,5.0,2017-10-12,United Kingdom,London,Financial Services,2017
Moon Active,5.0,2020-01-26,Israel,Tel Aviv,Media & Entertainment,2020
OfBusiness,5.0,2021-07-31,India,Gurgaon,Industrials,2021
Cockroach Labs,5.0,2021-01-12,United States,New York,Enterprise Tech,2021
Pine Labs,5.0,2020-01-24,India,Noida,Financial Services,2020
Qonto,5.0,2022-01-11,France,Paris,Enterprise Tech,2022
Ola Electric Mobility,5.5,2019-07-02,India,Bengaluru,Industrials,2019
Icertis,5.0,2019-07-17,United States,Bellevue,Enterprise Tech,2019
Hopper,5.0,2021-03-24,Canada,Montreal,Consumer & Retail,2021
VerSe Innovation,5.0,2020-12-22,India,Bengaluru,Media & Entertainment,2020
ShareChat,5.0,2021-04-08,India,Bengaluru,Media & Entertainment,2021
Coalition,5.0,2021-03-17,United States,San Francisco,Insurance,2021
Grafana Labs,4.93,2021-03-25,United States,New York,Enterprise Tech,2021
Meesho,3.5,2021-04-05,India,Bengaluru,Consumer & Retail,2021
Cerebral,4.8,2021-06-10,United States,San Francisco,Healthcare & Life Sciences,2021
Creditas,4.8,2020-12-18,Brazil,Sao Paulo,Financial Services,2020
Reify Health,4.8,2021-08-10,United States,Boston,Healthcare & Life Sciences,2021
Chipone,4.73,2021-12-16,China,Beijing,Industrials,2021
BetterUp,4.7,2021-02-25,United States,San Francisco,Enterprise Tech,2021
Pleo,4.7,2021-07-06,Denmark,Copenhagen,Enterprise Tech,2021
SonarSource,4.7,2022-04-26,Switzerland,Geneva,Enterprise Tech,2022
Lyra Health,5.85,2020-08-25,United States,Burlingame,Healthcare & Life Sciences,2020
Ramp,5.8,2021-03-29,United States,New York,Enterprise Tech,2021
Checkr,4.6,2019-09-19,United States,San Francisco,Enterprise Tech,2019
Skims,4.0,2021-04-09,United States,Los Angeles,Consumer & Retail,2021
Color,4.6,2021-01-04,United States,Burlingame,Healthcare & Life Sciences,2021
Lendable,4.58,2021-03-31,United Kingdom,London,Financial Services,2021
Vinted,4.53,2019-11-27,Lithuania,Vilnius,Consumer & Retail,2019
VIPKid,4.5,2016-08-04,China,Beijing,Consumer & Retail,2016
Socure,4.5,2021-03-16,United States,New York,Financial Services,2021
wefox,4.5,2019-03-05,Germany,Berlin,Insurance,2019
Lenskart,4.5,2019-12-20,India,Faridabad,Consumer & Retail,2019
Hugging Face,4.5,2022-05-09,United States,New York,Enterprise Tech,2022
Outreach,4.4,2019-04-16,United States,Seattle,Enterprise Tech,2019
WeRide,4.4,2020-12-23,China,Guangzhou,Industrials,2020
Guild Education,4.4,2019-11-13,United States,Denver,Enterprise Tech,2019
Arctic Wolf Networks,4.3,2020-10-22,United States,Eden Prairie,Enterprise Tech,2020
OutSystems,4.3,2018-06-05,United States,Boston,Enterprise Tech,2018
Sorare,4.3,2021-09-21,France,Paris,Media & Entertainment,2021
Zipline,4.2,2019-05-20,United States,South San Francisco,Industrials,2019
Relativity,4.2,2020-11-23,United States,Inglewood,Industrials,2020
Miaoshou Doctor,4.25,2019-06-27,China,Beijing,Healthcare & Life Sciences,2019
ThoughtSpot,4.2,2018-05-08,United States,Sunnyvale,Enterprise Tech,2018
Globalization Partners,4.2,2022-01-24,United States,Boston,Enterprise Tech,2022
dbt Labs,4.2,2021-06-30,United States,Philadelphia,Enterprise Tech,2021
SSENSE,4.15,2021-06-08,Canada,Montreal,Consumer & Retail,2021
Dataminr,4.1,2018-06-04,United States,New York,Enterprise Tech,2018
BitPanda,4.11,2021-03-16,Austria,Vienna,Financial Services,2021
Weee!,4.1,2021-03-16,United States,Fremont,Consumer & Retail,2021
Skydance Media,4.0,2020-02-11,United States,Santa Monica,Media & Entertainment,2020
Houzz,4.0,2014-09-30,United States,Palo Alto,Consumer & Retail,2014
Yello Mobile,4.0,2014-11-11,South Korea,Seoul,Consumer & Retail,2014
Inflection AI,4.0,2022-05-13,United States,Palo Alto,Enterprise Tech,2022
MEGVII,4.0,2017-10-31,China,Beijing,Enterprise Tech,2017
Greensill,4.0,2018-07-16,United Kingdom,London,Financial Services,2018
Impossible Foods,4.0,2019-05-13,United States,Redwood City,Consumer & Retail,2019
Radiology Partners,4.0,2018-02-26,United States,El Segundo,Healthcare & Life Sciences,2018
Next Insurance,4.0,2019-10-07,United States,Palo Alto,Insurance,2019
PointClickCare,4.0,2021-01-07,Canada,Mississauga,Healthcare & Life Sciences,2021
Zapier,4.0,2021-01-14,United States,Sunnyvale,Enterprise Tech,2021
Clubhouse,4.0,2021-01-24,United States,San Francisco,Media & Entertainment,2021
BrowserStack,4.0,2021-06-16,Ireland,Dublin,Enterprise Tech,2021
Rubrik,4.0,2017-04-28,United States,Palo Alto,Enterprise Tech,2017
Melio,4.0,2021-01-25,United States,New York,Financial Services,2021
Vuori,4.0,2021-10-13,United States,Carlsbad,Consumer & Retail,2021
ClickUp,4.0,2020-12-15,United States,San Diego,Enterprise Tech,2020
Cerebras Systems,4.0,2018-11-14,United States,Los Altos,Enterprise Tech,2018
Farmers Business Network,4.0,2020-08-03,United States,San Carlos,Industrials,2020
Branch,4.0,2018-09-10,United States,Redwood City,Enterprise Tech,2018
Aurora Solar,4.0,2021-05-24,United States,San Francisco,Industrials,2021
Webflow,4.0,2021-01-13,United States,San Francisco,Enterprise Tech,2021
Yuga Labs,4.0,2022-03-22,United States,Miami,Media & Entertainment,2022
Digit Insurance,4.0,2021-01-15,India,Bengaluru,Insurance,2021
Abnormal Security,4.0,2022-05-10,United States,San Francisco,Enterprise Tech,2022
Medlinker,3.92,2018-07-31,China,Chengdu,Healthcare & Life Sciences,2018
StockX,3.8,2019-06-26,United States,Detroit,Consumer & Retail,2019
MessageBird,3.8,2020-10-08,Netherlands,Amsterdam,Enterprise Tech,2020
Articulate,3.75,2021-07-01,United States,New York,Enterprise Tech,2021
Dutchie,3.75,2021-03-16,United States,Bend,Consumer & Retail,2021
Cohesity,3.7,2018-06-11,United States,San Jose,Enterprise Tech,2018
Dataiku,3.7,2019-12-04,United States,New York,Enterprise Tech,2019
GOAT,3.7,2020-09-23,United States,Culver City,Consumer & Retail,2020
Noom,3.7,2021-05-24,United States,New York,Healthcare & Life Sciences,2021
Papaya Global,3.7,2021-03-04,United States,New York,Enterprise Tech,2021
Abogen,3.7,2021-11-29,China,Suzhou,Healthcare & Life Sciences,2021
Harness,3.7,2021-01-14,United States,San Francisco,Enterprise Tech,2021
Whatnot,3.7,2021-09-16,United States,Marina del Rey,Consumer & Retail,2021
o9 Solutions,3.7,2020-04-28,United States,Dallas,Enterprise Tech,2020
Autograph,3.66,2022-01-20,United States,Santa Monica,Media & Entertainment,2022
Relativity,3.6,2021-03-18,United States,Chicago,Enterprise Tech,2021
Whoop,3.6,2020-10-28,United States,Boston,Healthcare & Life Sciences,2020
Course Hero,3.6,2020-02-12,United States,Redwood City,Consumer & Retail,2020
SpotOn,3.6,2021-05-26,United States,San Francisco,Financial Services,2021
Otto Bock HealthCare,3.52,2017-06-24,Germany,Duderstadt,Healthcare & Life Sciences,2017
Indigo Ag,3.5,2017-09-26,United States,Boston,Industrials,2017
eToro,3.5,2023-03-21,United Kingdom,London,Financial Services,2023
HyalRoute,3.5,2020-05-26,Singapore,Singapore City,Industrials,2020
Rec Room,3.5,2021-03-23,United States,Seattle,Media & Entertainment,2021
Mirakl,3.5,2020-09-22,France,Paris,Consumer & Retail,2020
Tekion,3.5,2020-10-21,United States,San Ramon,Industrials,2020
GoStudent,3.5,2021-06-22,Austria,Vienna,Consumer & Retail,2021
Highspot,3.5,2021-02-22,United States,Seattle,Enterprise Tech,2021
Handshake,3.5,2021-05-12,United States,San Francisco,Enterprise Tech,2021
ChargeBee Technologies,3.5,2021-04-20,United States,San Francisco,Financial Services,2021
Flock Safety,3.5,2021-07-13,United States,Atlanta,Consumer & Retail,2021
Helion Energy,3.5,2021-11-05,United States,Redmond,Industrials,2021
Acronis,3.5,2019-09-18,Switzerland,Schaffhausen,Enterprise Tech,2019
Unacademy,3.44,2020-09-02,India,Bengaluru,Consumer & Retail,2020
Odoo,3.43,2021-07-29,Belgium,Louvain-la-Neuve,Enterprise Tech,2021
MoonPay,3.4,2021-11-22,United States,Miami,Financial Services,2021
Upstox,3.4,2021-11-29,India,Mumbai,Financial Services,2021
Improbable,3.36,2017-05-11,United Kingdom,London,Media & Entertainment,2017
Youxia Motors,3.35,2018-04-02,China,Shanghai,Industrials,2018
OwnBackup,3.35,2021-01-28,United States,Englewood Cliffs,Enterprise Tech,2021
Starburst,3.35,2021-01-06,United States,Boston,Enterprise Tech,2021
Sila,3.3,2019-04-16,United States,Alameda,Industrials,2019
Komodo Health,3.3,2020-05-22,United States,San Francisco,Healthcare & Life Sciences,2020
Kurly,3.3,2021-07-09,South Korea,Seoul,Consumer & Retail,2021
Cars24,3.3,2020-11-24,India,Gurgaon,Industrials,2020
BlockDaemon,3.25,2021-09-21,United States,Los Angeles,Financial Services,2021
Dadi Cinema,3.24,2016-05-11,China,Shenzhen,Media & Entertainment,2016
Aiven,3.21,2021-10-18,Finland,Helsinki,Enterprise Tech,2021
Thumbtack,3.2,2015-09-29,United States,San Francisco,Consumer & Retail,2015
Cedar,3.2,2021-03-09,United States,New York,Healthcare & Life Sciences,2021
Eruditus Executive Education,3.2,2021-08-12,India,Mumbai,Enterprise Tech,2021
Blockstream,3.2,2021-08-24,Canada,Vancouver,Financial Services,2021
Innovaccer,3.2,2021-02-19,United States,San Francisco,Healthcare & Life Sciences,2021
Ironclad,3.2,2022-01-18,United States,Sacramento,Enterprise Tech,2022
Eikon Therapeutics,3.2,2022-01-06,United States,Hayward,Healthcare & Life Sciences,2022
Retool,3.2,2021-12-22,United States,San Francisco,Enterprise Tech,2021
Verkada,3.2,2020-01-29,United States,San Mateo,Industrials,2020
PsiQuantum,3.15,2021-07-27,United States,Palo Alto,Enterprise Tech,2021
HighRadius,3.1,2020-01-07,United States,Houston,Financial Services,2020
Bilt Rewards,3.1,2022-10-25,United States,New York,Financial Services,2022
Nuvemshop,3.1,2021-08-17,Brazil,Sao Paulo,Consumer & Retail,2021
LayerZero Labs,3.0,2022-03-30,United States,New York,Enterprise Tech,2022
Nord Security,3.0,2022-04-07,Lithuania,Vilnius,Enterprise Tech,2022
Yixia,3.0,2015-11-24,China,Beijing,Media & Entertainment,2015
Traveloka,3.0,2017-01-01,Indonesia,Jakarta,Consumer & Retail,2017
SouChe Holdings,3.0,2017-11-01,China,Hangzhou,Industrials,2017
BGL Group,3.0,2017-11-24,United Kingdom,Peterborough,Insurance,2017
Circle,3.0,2018-05-15,United States,Boston,Financial Services,2018
Zuoyebang,3.0,2018-07-18,China,Beijing,Consumer & Retail,2018
FlixMobility,3.0,2019-07-18,Germany,Munich,Industrials,2019
Wildlife Studios,3.0,2019-12-05,Brazil,Sao Paulo,Media & Entertainment,2019
ApplyBoard,3.2,2020-05-05,Canada,Kitchener,Consumer & Retail,2020
Forter,3.0,2020-11-19,United States,New York,Enterprise Tech,2020
Calendly,3.0,2021-01-26,United States,Atlanta,Enterprise Tech,2021
BlockFi,3.0,2021-03-11,United States,Jersey City,Financial Services,2021
ActiveCampaign,3.0,2021-04-21,United States,Chicago,Enterprise Tech,2021
CMR Surgical,3.0,2019-09-17,United Kingdom,Cambridge,Healthcare & Life Sciences,2019
Lucid Software,3.0,2021-06-29,United States,South Jordan,Enterprise Tech,2021
Age of Learning,3.0,2016-05-03,United States,Glendale,Consumer & Retail,2016
Carbon Health,3.0,2021-07-21,United States,San Francisco,Healthcare & Life Sciences,2021
Contentful,3.0,2021-07-28,Germany,Berlin,Enterprise Tech,2021
LaunchDarkly,3.0,2021-08-10,United States,Oakland,Enterprise Tech,2021
Seismic,3.0,2018-12-18,United States,San Diego,Enterprise Tech,2018
Sky Mavis,3.0,2021-10-04,Vietnam,Ho Chi Minh City,Media & Entertainment,2021
Outschool,3.0,2021-04-14,United States,San Francisco,Consumer & Retail,2021
TradingView,3.0,2021-10-14,United States,Westerville,Financial Services,2021
Groww,3.0,2021-04-07,India,Bengaluru,Financial Services,2021
Podium,3.0,2020-04-07,United States,Lehi,Consumer & Retail,2020
Via,3.5,2020-03-30,United States,New York,Industrials,2020
Anchorage Digital,3.0,2021-12-15,United States,San Francisco,Financial Services,2021
Inxeption,3.0,2022-01-13,United States,San Francisco,Industrials,2022
Lattice,3.0,2021-03-23,United States,San Francisco,Enterprise Tech,2021
Flutterwave,3.0,2021-03-09,United States,San Francisco,Financial Services,2021
Amber Group,3.0,2021-06-21,Singapore,Singapore City,Financial Services,2021
Cross River Bank,3.0,2022-02-11,United States,Fort Lee,Financial Services,2022
Remote,3.0,2021-07-13,United States,San Francisco,Enterprise Tech,2021
Sentry,3.0,2021-02-18,United States,San Francisco,Enterprise Tech,2021
Kraken,2.92,2019-06-25,United States,San Francisco,Financial Services,2019
Workrise,2.9,2019-09-30,United States,Austin,Industrials,2019
BharatPe,2.85,2021-07-30,India,New Delhi,Financial Services,2021
Gokin Solar,2.88,2022-04-13,China,Zhuhai,Industrials,2022
DriveWealth,2.85,2021-08-20,United States,Chatham,Financial Services,2021
Alan,2.85,2021-04-19,France,Paris,Healthcare & Life Sciences,2021
Meicai,2.8,2016-06-22,China,Beijing,Consumer & Retail,2016
Nutrabolt,2.79,2022-12-08,United States,Austin,Consumer & Retail,2022
Graphcore,2.77,2018-12-18,United Kingdom,Bristol,Enterprise Tech,2018
Illumio,2.75,2015-04-14,United States,Sunnyvale,Enterprise Tech,2015
MasterClass,2.75,2021-05-13,United States,San Francisco,Media & Entertainment,2021
Dream Games,2.75,2021-06-30,Turkey,Istanbul,Media & Entertainment,2021
Transmit Security,2.74,2021-06-22,Israel,Tel Aviv,Enterprise Tech,2021
Hozon Auto,3.95,2022-02-22,China,Shanghai,Industrials,2022
Tradeshift,2.7,2018-05-30,United States,San Francisco,Enterprise Tech,2018
Nextiva,2.7,2021-09-14,United States,Scottsdale,Enterprise Tech,2021
Tridge,2.7,2022-08-24,South Korea,Seoul,Industrials,2022
Thought Machine,2.7,2021-11-29,United Kingdom,London,Financial Services,2021
Starling Bank,2.69,2021-03-08,United Kingdom,London,Financial Services,2021
Figure,2.68,2024-02-23,United States,Sunnyvale,Industrials,2024
BackBase,2.66,2022-06-09,Netherlands,Amsterdam,Financial Services,2022
ManoMano,2.6,2021-07-05,France,Paris,Consumer & Retail,2021
Sourcegraph,2.62,2021-07-13,United States,San Francisco,Enterprise Tech,2021
Pendo,2.6,2019-10-17,United States,Raleigh,Enterprise Tech,2019
Plume,2.6,2021-02-23,United States,Palo Alto,Industrials,2021
Moglix,2.6,2021-05-17,Singapore,Singapore City,Industrials,2021
Axonius,2.6,2021-03-01,United States,New York,Enterprise Tech,2021
Xinchao Media,2.0,2018-04-09,China,Chengdu,Media & Entertainment,2018
JumpCloud,2.62,2021-09-13,United States,Louisville,Enterprise Tech,2021
Unico,2.6,2021-08-03,Brazil,Sao Paulo,Enterprise Tech,2021
Bending Spoons,2.55,2024-02-15,Italy,Milan,Consumer & Retail,2024
Oura,2.55,2022-04-05,Finland,Oulu,Healthcare & Life Sciences,2022
JUST Egg,2.59,2017-11-30,United States,San Francisco,Consumer & Retail,2017
Cribl,2.5,2021-08-25,United States,San Francisco,Enterprise Tech,2021
Jetti Resources,2.5,2022-10-24,United States,Boulder,Industrials,2022
ChaBaiDao,2.52,2023-06-09,China,Chengdu,Consumer & Retail,2023
Claroty,2.5,2021-06-17,United States,New York,Enterprise Tech,2021
AlphaSense,2.5,2022-06-15,United States,New York,Enterprise Tech,2022
Moonshot AI,2.5,2024-02-19,China,Beijing,Consumer & Retail,2024
Vista Global,2.5,2017-08-23,United Arab Emirates,Dubai,Industrials,2017
BYTON,2.5,2018-04-20,China,Nanjing,Industrials,2018
Side,2.5,2021-03-22,United States,San Francisco,Financial Services,2021
Spring Health,2.5,2021-09-16,United States,New York,Healthcare & Life Sciences,2021
Infra.Market,2.5,2021-02-25,India,Thane,Industrials,2021
Varo Bank,2.5,2021-09-09,United States,San Francisco,Financial Services,2021
Cato Networks,3.0,2020-11-17,Israel,Tel Aviv,Enterprise Tech,2020
Aura,2.5,2021-06-09,United States,Burlington,Consumer & Retail,2021
Vercel,2.5,2021-06-23,United States,San Francisco,Enterprise Tech,2021
Sysdig,2.5,2021-04-28,United States,San Francisco,Enterprise Tech,2021
Zetwerk,2.8,2021-08-20,India,Bengaluru,Industrials,2021
Uniphore,2.5,2022-02-16,United States,Palo Alto,Enterprise Tech,2022
Somatus,2.5,2022-02-23,United States,McLean,Healthcare & Life Sciences,2022
Immutable,2.5,2022-03-07,Australia,Sydney,Media & Entertainment,2022
A24 Films,2.5,2022-03-09,United States,New York,Media & Entertainment,2022
SiFive,2.5,2022-03-16,United States,San Mateo,Enterprise Tech,2022
Games24x7,2.5,2022-03-30,India,Mumbai,Media & Entertainment,2022
Fetch,2.5,2021-03-31,United States,Madison,Consumer & Retail,2021
Coda Payments,2.5,2022-04-15,Singapore,Singapore City,Financial Services,2022
DriveNets,2.5,2021-01-27,Israel,Ra'anana,Enterprise Tech,2021
Hibob,2.45,2021-10-12,Israel,Tel Aviv,Enterprise Tech,2021
Uala,2.45,2021-08-13,Argentina,Buenos Aires,Financial Services,2021
Mobile Premier League,2.45,2021-09-15,India,Bengaluru,Media & Entertainment,2021
insitro,2.44,2021-03-15,United States,South San Francisco,Healthcare & Life Sciences,2021
Cgtz,2.41,2017-02-21,China,Hangzhou,Financial Services,2017
Star Charge,2.41,2021-05-19,China,Changzhou,Industrials,2021
Carbon,2.4,2015-08-20,United States,Redwood City,Industrials,2015
Rokt,2.4,2021-12-16,United States,New York,Consumer & Retail,2021
Paxos,2.4,2021-04-29,United States,New York,Financial Services,2021
Exabeam,2.4,2021-06-01,United States,Foster City,Enterprise Tech,2021
BitSight Technologies,2.4,2021-09-13,United States,Boston,Enterprise Tech,2021
Trumid,2.4,2020-07-15,United States,New York,Financial Services,2020
ABL Space Systems,2.4,2021-03-25,United States,El Segundo,Industrials,2021
HoneyBook,2.4,2021-05-04,United States,San Francisco,Enterprise Tech,2021
Beta Technologies,2.4,2022-04-19,United States,South Burlington,Industrials,2022
Project44,2.62,2021-06-01,United States,Chicago,Enterprise Tech,2021
Freenome,2.62,2020-08-26,United States,South San Francisco,Healthcare & Life Sciences,2020
ManyPets,2.35,2021-06-01,United Kingdom,London,Insurance,2021
Jobandtalent,2.35,2021-12-01,Spain,Madrid,Enterprise Tech,2021
WEMAKEPRICE,2.34,2015-09-09,South Korea,Seoul,Consumer & Retail,2015
Biren Technology,2.32,2020-08-18,China,Shanghai,Enterprise Tech,2020
Glean,2.2,2022-05-18,United States,Palo Alto,Enterprise Tech,2022
Voodoo,2.31,2020-08-17,France,Paris,Media & Entertainment,2020
Shield AI,2.8,2021-08-24,United States,San Diego,Industrials,2021
Uptake,2.3,2015-10-27,United States,Chicago,Industrials,2015
Motive,2.85,2019-04-23,United States,San Francisco,Industrials,2019
Greenlight,2.3,2020-09-24,United States,Atlanta,Financial Services,2020
MoMo,2.27,2021-12-10,Vietnam,Ho Chi Minh City,Financial Services,2021
Algolia,2.25,2021-07-28,United States,San Francisco,Enterprise Tech,2021
Pattern,2.25,2021-10-06,United States,Lehi,Consumer & Retail,2021
Newfront Insurance,2.2,2022-04-12,United States,San Francisco,Insurance,2022
NuCom Group,2.2,2018-02-22,Germany,Unterfoehring,Consumer & Retail,2018
Skydio,2.2,2021-02-25,United States,Redwood City,Industrials,2021
MUSINSA,2.76,2019-11-11,South Korea,Seoul,Consumer & Retail,2019
Current,2.2,2021-04-27,United States,New York,Financial Services,2021
Bitso,2.2,2021-05-05,Mexico,Mexico City,Financial Services,2021
Gympass,2.4,2019-06-12,United States,New York,Healthcare & Life Sciences,2019
Dialpad,2.2,2020-10-06,United States,San Francisco,Enterprise Tech,2020
G7 Networks,2.2,2022-02-15,China,Beijing,Industrials,2022
BloomReach,2.2,2022-02-23,United States,Mountain View,Consumer & Retail,2022
Motif FoodWorks,2.2,2021-06-16,United States,Boston,Industrials,2021
Accelerant,2.4,2022-01-12,United Kingdom,Colchester,Insurance,2022
YITU Technology,2.17,2018-03-08,China,Shanghai,Enterprise Tech,2018
Addepar,2.17,2021-06-15,United States,Mountain View,Financial Services,2021
Qualia,2.17,2020-12-21,United States,San Francisco,Financial Services,2020
Neo4j,2.0,2021-06-17,United States,San Mateo,Enterprise Tech,2021
CloudWalk,2.15,2021-09-08,Brazil,Sao Paulo,Financial Services,2021
CoinDCX,2.15,2021-08-10,India,Maharashtra,Financial Services,2021
Eightfold,2.1,2020-10-27,United States,Santa Clara,Enterprise Tech,2020
Urban Company,2.1,2021-04-27,India,Gurgaon,Consumer & Retail,2021
Moveworks,2.1,2021-06-30,United States,Mountain View,Enterprise Tech,2021
Medable,2.1,2021-10-26,United States,Palo Alto,Healthcare & Life Sciences,2021
GoCardless,2.1,2022-02-08,United Kingdom,London,Financial Services,2022
Aledade,3.5,2021-01-19,United States,Bethesda,Healthcare & Life Sciences,2021
FirstCry,3.75,2020-02-07,India,Pune,Consumer & Retail,2020
Forto,2.1,2021-06-21,Germany,Berlin,Industrials,2021
Jeeves,2.1,2022-03-14,United States,Orlando,Enterprise Tech,2022
Viva Wallet,2.05,2022-12-17,Greece,Athens,Financial Services,2022
CoreWeave,2.22,2023-04-20,United States,Roseland,Enterprise Tech,2023
Mistral AI,2.0,2023-12-10,France,Paris,Enterprise Tech,2023
Babel Finance,2.0,2022-05-25,Hong Kong,Hong Kong,Financial Services,2022
Trendy Group International,2.0,2012-02-13,Hong Kong,Kowloon,Consumer & Retail,2012
GrubMarket,2.0,2021-09-14,United States,San Francisco,Consumer & Retail,2021
BeZero,2.0,2022-11-14,United Kingdom,London,Enterprise Tech,2022
Cohere,2.0,2023-05-02,Canada,Toronto,Enterprise Tech,2023
GO1,2.0,2021-07-19,Australia,Brisbane,Enterprise Tech,2021
Clear Street,2.0,2022-04-29,United States,New York,Financial Services,2022
Drata,2.0,2021-11-08,United States,San Diego,Enterprise Tech,2021
Mysten Labs,2.0,2022-09-08,United States,San Francisco,Enterprise Tech,2022
Avant,2.0,2012-12-17,United States,Chicago,Financial Services,2012
Tubatu.com,2.0,2015-03-09,China,Shenzhen,Consumer & Retail,2015
BlaBlaCar,2.0,2015-09-16,France,Paris,Consumer & Retail,2015
HuiMin,2.0,2016-09-05,China,Beijing,Consumer & Retail,2016
Preferred Networks,2.0,2018-05-17,Japan,Tokyo,Industrials,2018
Formlabs,2.0,2018-08-01,United States,Somerville,Industrials,2018
Calm,2.0,2019-02-06,United States,San Francisco,Healthcare & Life Sciences,2019
Kaseya,2.0,2019-03-27,United States,Miami,Enterprise Tech,2019
Mafengwo,2.0,2019-05-23,China,Beijing,Consumer & Retail,2019
Druva,2.0,2019-06-20,United States,Sunnyvale,Enterprise Tech,2019
Kujiale,2.0,2019-10-25,China,Hangzhou,Consumer & Retail,2019
AppsFlyer,2.0,2020-01-21,United States,San Francisco,Enterprise Tech,2020
Redis,2.0,2020-08-25,United States,Mountain View,Enterprise Tech,2020
Xingyun Group,2.0,2020-09-24,China,Shenzhen,Consumer & Retail,2020
Unqork,2.0,2020-10-06,United States,New York,Insurance,2020
Virta Health,2.0,2020-12-02,United States,San Francisco,Healthcare & Life Sciences,2020
ISN,2.0,2020-12-17,United States,Dallas,Industrials,2020
Earnix,2.0,2021-02-21,Israel,Giv'atayim,Insurance,2021
Clearco,2.0,2021-04-20,Canada,Toronto,Financial Services,2021
Hive,2.0,2021-04-21,United States,San Francisco,Enterprise Tech,2021
Kry,2.0,2021-04-27,Sweden,Stockholm,Healthcare & Life Sciences,2021
Kajabi,2.0,2021-05-04,United States,Irvine,Media & Entertainment,2021
Ethos,2.7,2021-05-11,United States,San Francisco,Insurance,2021
PayFit,2.1,2022-01-06,United Kingdom,London,Enterprise Tech,2022
Beisen,2.0,2021-05-11,China,Beijing,Enterprise Tech,2021
Pipe,2.0,2021-05-19,United States,Miami,Financial Services,2021
Iterable,2.0,2021-06-15,United States,San Francisco,Enterprise Tech,2021
Astronergy,1.82,2023-07-25,China,Haining,Industrials,2023
Helsing,1.82,2023-09-14,Germany,Munchen,Enterprise Tech,2023
Bunq,1.8,2021-06-18,Netherlands,Amsterdam,Financial Services,2021
Quest Global,1.8,2023-08-08,Singapore,Singapore City,Industrials,2023
Clip,2.0,2021-06-10,Mexico,Mexico City,Financial Services,2021
Loggi,2.0,2019-06-05,Brazil,Sao Paulo,Industrials,2019
MURAL,2.0,2021-07-20,United States,San Francisco,Enterprise Tech,2021
OCSiAl,2.0,2019-03-04,Luxembourg,Leudelange,Industrials,2019
XtalPi,2.0,2021-08-11,China,Shenzhen,Healthcare & Life Sciences,2021
Divvy Homes,2.0,2021-08-13,United States,San Francisco,Financial Services,2021
Apeel Sciences,2.0,2020-05-26,United States,Goleta,Consumer & Retail,2020
Opay,2.0,2021-08-23,Nigeria,Lagos,Financial Services,2021
Aviatrix,2.0,2021-09-08,United States,Santa Clara,Enterprise Tech,2021
SmartNews,2.0,2019-08-05,Japan,Tokyo,Media & Entertainment,2019
Misfits Market,2.0,2021-04-21,United States,Pennsauken,Consumer & Retail,2021
Black Sesame Technologies,2.0,2021-09-22,China,Shanghai,Industrials,2021
Advance Intelligence Group,2.0,2021-09-23,Singapore,Singapore City,Financial Services,2021
Modern Treasury,2.0,2021-10-06,United States,San Francisco,Financial Services,2021
Magic Leap,2.0,2014-10-21,United States,Plantation,Enterprise Tech,2014
ClickHouse,2.0,2021-10-28,United States,Portola Valley,Enterprise Tech,2021
Everlaw,2.0,2020-03-10,United States,Oakland,Enterprise Tech,2020
Zilch,2.0,2021-11-10,United Kingdom,London,Financial Services,2021
VerbIT,2.0,2021-06-08,United States,New York,Enterprise Tech,2021
StarkWare,8.0,2021-11-17,Israel,Netanya,Enterprise Tech,2021
Netlify,2.0,2021-11-17,United States,San Francisco,Enterprise Tech,2021
SWORD Health,2.0,2021-11-22,United States,New York,Healthcare & Life Sciences,2021
LTK,2.0,2021-11-22,United States,Dallas,Media & Entertainment,2021
Trax,2.0,2019-07-22,Singapore,Singapore City,Consumer & Retail,2019
Exotec,2.0,2022-01-17,France,Croix,Industrials,2022
Dremio,2.0,2021-01-06,United States,Santa Clara,Enterprise Tech,2021
Akulaku,2.0,2022-02-15,Indonesia,Jakarta,Financial Services,2022
Cloudinary,2.0,2022-02-15,United States,Santa Clara,Media & Entertainment,2022
Lunar,2.0,2021-07-12,Denmark,Aarhus,Financial Services,2021
UpGrad,2.25,2021-08-09,India,Mumbai,Consumer & Retail,2021
Salsify,2.0,2022-04-13,United States,Boston,Consumer & Retail,2022
CertiK,2.0,2022-03-31,United States,New York,Enterprise Tech,2022
ROX Motor,2.0,2022-04-29,China,Shanghai,Industrials,2022
Devo Technology,2.0,2021-10-26,United States,Cambridge,Enterprise Tech,2021
ShiftKey,2.0,2023-01-11,United States,Dallas,Healthcare & Life Sciences,2023
Rimac Automobili,2.0,2022-06-01,Croatia,Sveta Nedelja,Industrials,2022
Geek+,2.0,2018-11-21,China,Beijing,Industrials,2018
21.co,2.0,2022-09-06,United States,New York,Financial Services,2022
Solugen,2.0,2021-09-10,United States,Houston,Industrials,2021
ZigBang,1.93,2022-06-07,South Korea,Seoul,Financial Services,2022
Ankorstore,1.98,2022-01-10,France,Paris,Consumer & Retail,2022
InVision,1.9,2017-11-01,United States,New York,Enterprise Tech,2017
eDaili,1.9,2019-02-01,China,Shanghai,Financial Services,2019
commercetools,1.9,2021-09-13,Germany,Munich,Enterprise Tech,2021
NinjaOne,1.9,2024-02-06,United States,Austin,Enterprise Tech,2024
MX,1.9,2021-01-13,United States,Lehi,Financial Services,2021
CoinSwitch,1.9,2021-10-06,India,Bangalore,Financial Services,2021
Acorns,1.9,2022-03-09,United States,Irvine,Financial Services,2022
Fever,1.96,2022-01-26,United States,New York,Media & Entertainment,2022
Roofstock,1.94,2022-03-10,United States,Oakland,Financial Services,2022
thatgamecompany,1.94,2022-03-03,United States,Los Angeles,Media & Entertainment,2022
ConcertAI,1.9,2022-03-29,United States,Boston,Healthcare & Life Sciences,2022
Material Bank,1.9,2022-05-06,United States,Boca Raton,Industrials,2022
Volocopter,1.87,2022-03-04,Germany,Bruchsal,Industrials,2022
ENOVATE,1.85,2019-04-15,China,Shanghai,Industrials,2019
MEGAZONE,1.83,2022-08-16,South Korea,Seoul,Enterprise Tech,2022
CFGI,1.85,2021-09-15,United States,Boston,Financial Services,2021
ZocDoc,1.8,2015-08-20,United States,New York,Healthcare & Life Sciences,2015
Scroll,1.8,2023-03-14,Seychelles,Victoria,Financial Services,2023
Diamond Foundry,1.8,2021-03-29,United States,San Francisco,Industrials,2021
Quantexa,1.8,2023-04-03,United Kingdom,London,Enterprise Tech,2023
FullStory,1.8,2021-08-04,United States,Atlanta,Enterprise Tech,2021
Lightricks,1.8,2019-07-31,Israel,Jerusalem,Media & Entertainment,2019
Opentrons,1.8,2021-09-23,United States,New York,Healthcare & Life Sciences,2021
Kindbody,1.8,2023-03-02,United States,Kindbody,Healthcare & Life Sciences,2023
Slice,1.8,2021-11-28,India,Bengaluru,Financial Services,2021
Cambrian BioPharma,1.79,2021-10-26,United States,Brooklyn,Healthcare & Life Sciences,2021
AIWAYS,1.78,2018-04-16,China,Shanghai,Industrials,2018
Trulioo,1.75,2021-06-07,Canada,Vancouver,Financial Services,2021
BitGo,1.75,2023-08-16,United States,Palo Alto,Financial Services,2023
Spinny,1.75,2021-11-24,India,Gurugram,Industrials,2021
Crusoe,1.75,2022-04-21,United States,Denver,Industrials,2022
Orca Security,1.8,2021-03-23,United States,Portland,Enterprise Tech,2021
Apus Group,1.73,2015-01-16,China,Beijing,Consumer & Retail,2015
Razor,1.7,2021-11-08,Germany,Berlin,Consumer & Retail,2021
Micro Connect,1.7,2023-08-02,Hong Kong,Hong Kong,Financial Services,2023
DailyPay,1.7,2021-05-18,United States,New York,Financial Services,2021
Udaan,1.7,2018-09-04,India,Bengaluru,Consumer & Retail,2018
Harry's,1.7,2018-02-16,United States,New York,Consumer & Retail,2018
PAX,1.7,2018-10-22,United States,San Francisco,Consumer & Retail,2018
DispatchHealth,1.7,2021-03-03,United States,Denver,Healthcare & Life Sciences,2021
Pax8,1.7,2022-04-11,United States,Greenwood Village,Enterprise Tech,2022
Multiverse,1.7,2022-06-08,United Kingdom,London,Enterprise Tech,2022
Front,1.7,2022-06-28,United States,San Francisco,Enterprise Tech,2022
Redesign Health,1.7,2022-09-13,United States,New York,Healthcare & Life Sciences,2022
Tessera Therapeutics,1.69,2022-04-19,United States,Cambridge,Healthcare & Life Sciences,2022
Ascend Elements,1.67,2023-09-06,United States,Westborough,Industrials,2023
Uniswap,1.66,2022-10-13,United States,New York,Financial Services,2022
Kredivo Holdings,1.66,2022-08-15,Singapore,Singapore City,Financial Services,2022
Unite Us,1.6,2021-03-16,United States,New York,Healthcare & Life Sciences,2021
CircleCI,1.7,2021-05-11,United States,San Francisco,Enterprise Tech,2021
Wave,1.7,2021-09-07,Senegal,Dakar,Financial Services,2021
Dragos,1.7,2021-10-28,United States,Hanover,Industrials,2021
Reltio,1.7,2021-11-04,United States,Redwood City,Enterprise Tech,2021
H2O.ai,1.7,2021-11-07,United States,Mountain View,Enterprise Tech,2021
ZenBusiness,1.7,2021-11-09,United States,Austin,Enterprise Tech,2021
Carsome,1.7,2021-07-12,Malaysia,Selangor,Industrials,2021
Productboard,1.73,2022-02-02,United States,San Francisco,Enterprise Tech,2022
Spotter,1.7,2022-02-16,United States,Los Angeles,Financial Services,2022
Optimism,1.65,2022-03-17,United States,San Francisco,Enterprise Tech,2022
Incredible Health,1.65,2022-08-17,United States,San Francisco,Healthcare & Life Sciences,2022
Jusfoun Big Data,1.62,2018-07-09,China,Beijing,Enterprise Tech,2018
Transcarent,1.62,2022-01-11,United States,San Francisco,Healthcare & Life Sciences,2022
DealShare,1.7,2022-01-27,India,Bengaluru,Consumer & Retail,2022
Zhubajie,1.61,2015-06-16,China,Chongqing,Enterprise Tech,2015
Solaris,1.6,2021-07-13,Germany,Berlin,Financial Services,2021
Apollo,1.6,2023-08-29,United States,Covina,Enterprise Tech,2023
DataStax,1.6,2021-05-26,United States,Santa Clara,Enterprise Tech,2021
Infinidat,1.6,2015-04-29,United States,Waltham,Enterprise Tech,2015
Afiniti,1.6,2017-04-14,Bermuda,Hamilton,Enterprise Tech,2017
Cao Cao Mobility,1.6,2018-01-17,China,Hangzhou,Industrials,2018
Clari,2.6,2021-03-03,United States,Sunnyvale,Enterprise Tech,2021
Clio,1.6,2021-04-27,Canada,Burnaby,Enterprise Tech,2021
SafetyCulture,1.76,2021-05-03,Australia,Sydney,Industrials,2021
Monte Carlo,1.6,2022-05-24,United States,San Francisco,Enterprise Tech,2022
Cresta,1.6,2022-03-17,United States,San Francisco,Enterprise Tech,2022
Extend,1.36,2021-05-18,United States,San Francisco,Insurance,2021
Employment Hero,1.37,2023-10-18,Australia,Sydney,Enterprise Tech,2023
Generate Biomedicines,1.36,2021-11-18,United States,Cambridge,Healthcare & Life Sciences,2021
Lambda Labs,1.5,2023-10-05,United States,San Francisco,Enterprise Tech,2023
Cognite,1.5,2021-05-19,Norway,Lysaker,Industrials,2021
ASAPP,1.6,2021-05-19,United States,New York,Enterprise Tech,2021
SmartHR,1.6,2021-06-08,Japan,Tokyo,Enterprise Tech,2021
Mercury,1.6,2021-07-03,United States,San Francisco,Financial Services,2021
HomeLight,1.7,2021-09-02,United States,San Francisco,Financial Services,2021
Truepill,1.6,2021-10-27,United States,Hayward,Healthcare & Life Sciences,2021
ezCater,1.6,2019-04-02,United States,Boston,Consumer & Retail,2019
Wayflyer,1.6,2022-02-01,Ireland,Dublin,Financial Services,2022
Capitolis,1.6,2022-03-22,United States,New York,Financial Services,2022
Vanta,1.6,2022-06-07,United States,San Francisco,Enterprise Tech,2022
Magic Eden,1.6,2022-06-21,United States,San Francisco,Media & Entertainment,2022
Pave,1.6,2022-06-28,United States,San Francisco,Enterprise Tech,2022
Astranis,1.6,2021-04-14,United States,San Francisco,Industrials,2021
Promasidor Holdings,1.59,2016-11-08,South Africa,Bryanston,Consumer & Retail,2016
GalaxySpace,1.58,2020-11-17,China,Beijing,Industrials,2020
Icon,1.57,2022-02-18,United States,Austin,Industrials,2022
Fresh Life Style Supply Chain Management,1.57,2022-03-11,China,Chengdu,Consumer & Retail,2022
Alloy,1.55,2021-09-30,United States,New York,Financial Services,2021
Baiwang,1.55,2019-03-25,China,Beijing,Enterprise Tech,2019
Iluvatar CoreX,1.55,2021-03-01,China,Shanghai,Enterprise Tech,2021
Wenheyou,1.55,2021-04-17,China,Hunan,Consumer & Retail,2021
Kitopi,1.55,2021-07-01,United Arab Emirates,Dubai,Consumer & Retail,2021
Ximalaya FM,1.52,2017-09-22,China,Shanghai,Media & Entertainment,2017
Carzone,1.52,2019-03-01,China,Jiangsu,Industrials,2019
Tabby,1.5,2023-11-01,United Arab Emirates,Dubai,Financial Services,2023
Runway,1.5,2023-05-04,United States,New York,Media & Entertainment,2023
OpenWeb,1.5,2021-11-09,United States,New York,Media & Entertainment,2021
bolttech,1.5,2021-07-01,Singapore,Singapore City,Insurance,2021
First Mode,1.5,2022-12-07,United States,Seattle,Industrials,2022
Mu Sigma,1.5,2013-02-07,United States,Northbrook,Enterprise Tech,2013
Kushki,1.5,2022-06-07,Ecuador,Quito,Financial Services,2022
Jasper,1.5,2022-10-17,United States,Austin,Enterprise Tech,2022
Orna Therapeutics,1.5,2022-08-16,United States,Cambridge,Healthcare & Life Sciences,2022
TuJia,1.5,2015-06-17,China,Beijing,Consumer & Retail,2015
Mofang Living,1.5,2016-04-13,China,Shanghai,Consumer & Retail,2016
Gett,1.5,2016-05-24,United Kingdom,London,Industrials,2016
DT Dream,1.5,2017-06-08,China,Hangzhou,Enterprise Tech,2017
Changingedu,1.5,2017-10-30,China,Shanghai,Consumer & Retail,2017
XiaoZhu,1.5,2017-11-01,China,Beijing,Consumer & Retail,2017
JOLLY Information Technology,1.5,2018-05-29,China,Hangzhou,Consumer & Retail,2018
Yijiupi,1.5,2018-09-20,China,Beijing,Consumer & Retail,2018
Cambridge Mobile Telematics,1.5,2018-12-19,United States,Cambridge,Insurance,2018
Collective Health,1.5,2019-06-17,United States,San Francisco,Healthcare & Life Sciences,2019
Strava,1.5,2020-11-16,United States,San Francisco,Healthcare & Life Sciences,2020
Zenoti,1.5,2020-12-15,United States,Bellevue,Consumer & Retail,2020
K Health,1.5,2021-01-19,United States,New York,Healthcare & Life Sciences,2021
Uplight,1.5,2021-03-03,United States,Boulder,Industrials,2021
ID.me,1.5,2021-03-19,United States,McLean,Consumer & Retail,2021
Snapdocs,1.5,2021-05-25,United States,San Francisco,Financial Services,2021
Chipper Cash,2.0,2021-05-31,United States,San Francisco,Financial Services,2021
SHIFT UP,1.47,2023-10-27,South Korea,Seoul,Media & Entertainment,2023
Ledger,1.47,2021-06-10,France,Paris,Financial Services,2021
Next Silicon,1.5,2021-06-14,Israel,Tel Aviv,Enterprise Tech,2021
YQNlink,1.5,2021-06-29,China,Shanghai,Industrials,2021
impact.com,1.5,2021-07-13,United States,Santa Barbara,Enterprise Tech,2021
SmartRecruiters,1.5,2021-07-20,United States,San Francisco,Enterprise Tech,2021
NotCo,1.5,2021-07-26,Chile,Santiago,Consumer & Retail,2021
Culture Amp,1.5,2021-07-29,Australia,Richmond,Enterprise Tech,2021
TaxBit,1.5,2021-08-04,United States,Draper,Financial Services,2021
Pacaso,1.5,2021-03-24,United States,Cincinnati,Financial Services,2021
1047 Games,1.5,2021-09-14,United States,Zephyr Cove,Media & Entertainment,2021
Matillion,1.5,2021-09-15,United Kingdom,Altrincham,Enterprise Tech,2021
Persona,1.5,2021-09-15,United States,San Francisco,Enterprise Tech,2021
Ascend Money,1.5,2021-09-27,Thailand,Bangkok,Financial Services,2021
Andela,1.5,2021-09-29,United States,New York,Enterprise Tech,2021
Built,1.5,2021-09-30,United States,Nashville,Financial Services,2021
CoinList,1.5,2021-10-15,United States,San Francisco,Financial Services,2021
Lusha,1.5,2021-11-10,United States,New York,Enterprise Tech,2021
cult.fit,1.5,2021-11-10,India,Bengaluru,Healthcare & Life Sciences,2021
Olist,1.5,2021-12-15,Brazil,Curitiba,Consumer & Retail,2021
Paradox,1.5,2021-12-27,United States,Scottsdale,Enterprise Tech,2021
Airbyte,1.5,2021-12-17,United States,San Francisco,Enterprise Tech,2021
StoreDot,1.5,2022-01-04,Israel,Herzliya,Industrials,2022
Spendesk,1.5,2022-01-18,France,Paris,Enterprise Tech,2022
Veriff,1.5,2022-01-26,Estonia,Tallinn,Enterprise Tech,2022
ElasticRun,1.5,2022-02-07,India,Pune,Industrials,2022
Veho,1.5,2021-12-21,United States,Boulder,Consumer & Retail,2021
Temporal,1.5,2022-02-16,United States,Bellevue,Enterprise Tech,2022
Fabric,1.5,2022-02-24,United States,Bellevue,Consumer & Retail,2022
Zeta,1.5,2021-05-24,United States,San Francisco,Financial Services,2021
Boba,1.5,2022-04-05,United States,San Francisco,Enterprise Tech,2022
Upside,1.5,2022-04-26,United States,DC,Consumer & Retail,2022
Mashgin,1.5,2022-05-09,United States,Palo Alto,Consumer & Retail,2022
Dock,1.5,2022-05-12,Brazil,Sao Paulo,Financial Services,2022
Prometheus,1.5,2021-09-23,United States,Santa Cruz,Industrials,2021
5ire,1.5,2022-07-15,United Kingdom,London,Enterprise Tech,2022
Yipin Shengxian,1.49,2019-03-11,China,Hefei,Consumer & Retail,2019
Bordrin Motors,1.48,2019-06-03,China,Shanghai,Industrials,2019
Arcadia,1.48,2022-05-10,United States,DC,Enterprise Tech,2022
VTS,1.47,2019-05-07,United States,New York,Financial Services,2019
Shukun Technology,1.46,2021-08-16,China,Beijing,Healthcare & Life Sciences,2021
Huasun,1.46,2023-01-19,China,Xuancheng,Industrials,2023
Loft,1.46,2020-01-03,Brazil,Sao Paulo,Financial Services,2020
Coocaa,1.45,2018-03-16,China,Shenzhen,Media & Entertainment,2018
Juma Peisong,1.45,2018-11-26,China,Chengdu,Industrials,2018
Ouyeel,1.45,2019-06-27,China,Shanghai,Industrials,2019
Gymshark,1.45,2020-08-14,United Kingdom,Solihull,Consumer & Retail,2020
M1,1.45,2021-07-14,United States,Chicago,Financial Services,2021
Aleo,1.45,2022-02-07,United States,San Francisco,Enterprise Tech,2022
Einride,1.44,2021-12-31,Sweden,Stockholm,Industrials,2021
Justworks,1.43,2020-01-28,United States,New York,Enterprise Tech,2020
Valgen Medtech,1.43,2021-05-06,China,Hangzhou,Healthcare & Life Sciences,2021
SonderMind,1.42,2021-07-28,United States,Denver,Healthcare & Life Sciences,2021
Fox Ess,1.4,2023-05-26,China,Wenzhou,Industrials,2023
Zepto,1.4,2023-08-25,India,Mumbai,Consumer & Retail,2023
Amagi,1.4,2022-03-16,India,Bengaluru,Media & Entertainment,2022
Liquid Death,1.4,2024-03-11,United States,Santa Monica,Consumer & Retail,2024
Papa,1.4,2021-11-04,United States,Miami,Healthcare & Life Sciences,2021
Xpressbees,1.4,2022-02-09,India,Pune,Consumer & Retail,2022
Figment,1.4,2021-12-20,Canada,Toronto,Financial Services,2021
Envoy,1.4,2022-01-11,United States,San Francisco,Enterprise Tech,2022
Deliverect,1.4,2022-01-24,Belgium,Ghent,Consumer & Retail,2022
SparkCognition,1.4,2022-01-25,United States,Austin,Enterprise Tech,2022
Liquidity,1.4,2023-02-20,Israel,Tel Aviv,Financial Services,2023
Firebolt,1.4,2022-01-26,Israel,Tel Aviv,Enterprise Tech,2022
AI21 Labs,1.4,2023-08-30,Israel,Tel Aviv,Enterprise Tech,2023
Koudai,1.4,2014-10-23,China,Beijing,Consumer & Retail,2014
Symphony,1.4,2017-05-16,United States,New York,Financial Services,2017
Yidian Zixun,1.4,2017-10-17,China,Beijing,Media & Entertainment,2017
Cabify,1.4,2018-01-22,Spain,Madrid,Industrials,2018
Hive Box,1.4,2018-01-23,China,Shenzhen,Consumer & Retail,2018
Away,1.4,2019-05-15,United States,New York,Consumer & Retail,2019
Kong,1.4,2020-12-31,United States,San Francisco,Enterprise Tech,2020
Epidemic Sound,1.4,2021-03-11,Sweden,Stockholm,Media & Entertainment,2021
Yotpo,1.4,2021-03-18,United States,New York,Consumer & Retail,2021
Rebel Foods,1.4,2021-10-07,India,Pune,Consumer & Retail,2021
Coda,1.4,2021-07-08,United States,Mountain View,Enterprise Tech,2021
Stash,1.4,2021-02-03,United States,New York,Financial Services,2021
Rad Power Bikes,1.4,2021-10-28,United States,Seattle,Industrials,2021
Clarify Health,1.4,2022-04-05,United States,San Francisco,Healthcare & Life Sciences,2022
Bucketplace,1.4,2022-05-09,South Korea,Seoul,Consumer & Retail,2022
Paddle,1.4,2022-05-09,United Kingdom,London,Enterprise Tech,2022
OneCard,1.4,2022-07-13,India,Pune,Financial Services,2022
boAT,1.4,2022-10-28,India,Mumbai,Consumer & Retail,2022
Phenom People,1.4,2021-04-07,United States,Ambler,Enterprise Tech,2021
GupShup,1.4,2021-04-08,United States,San Francisco,Enterprise Tech,2021
Degreed,1.4,2021-04-13,United States,Pleasanton,Enterprise Tech,2021
Scalable Capital,1.4,2021-06-08,Germany,Munich,Financial Services,2021
VideoAmp,1.4,2021-10-21,United States,Los Angeles,Enterprise Tech,2021
Panther Labs,1.4,2021-12-02,United States,San Francisco,Enterprise Tech,2021
Salt Security,1.4,2022-02-10,United States,Palo Alto,Enterprise Tech,2022
Tripledot,1.4,2022-02-14,United Kingdom,London,Media & Entertainment,2022
Nimble Rx,1.4,2022-06-14,United States,Redwood City,Healthcare & Life Sciences,2022
Veepee,1.38,2007-07-02,France,La Plaine Saint-Denis,Consumer & Retail,2007
Neon,1.38,2022-02-14,Brazil,Sao Paulo,Financial Services,2022
Movable Ink,1.36,2022-04-28,United States,New York,Enterprise Tech,2022
Patreon,1.35,2020-09-02,United States,San Francisco,Media & Entertainment,2020
DeepBlue Technology,1.35,2018-04-16,China,Shanghai,Consumer & Retail,2018
Klook,1.35,2018-08-07,Hong Kong,Central,Consumer & Retail,2018
Epirus,1.35,2022-02-14,United States,Hawthorne,Industrials,2022
Signifyd,1.34,2021-04-15,United States,San Jose,Consumer & Retail,2021
Jaguar Microsystems,1.34,2022-06-23,China,Shenzhen,Industrials,2022
Motorway,1.33,2021-11-29,United Kingdom,London,Industrials,2021
RIDI,1.33,2022-01-24,South Korea,Seoul,Media & Entertainment,2022
Lyten,1.33,2023-09-12,United States,San Jose,Industrials,2023
Flipboard,1.32,2015-07-22,United States,Palo Alto,Media & Entertainment,2015
GPclub,1.32,2018-10-22,South Korea,Seoul,Consumer & Retail,2018
Tongdun Technology,1.32,2019-04-25,China,Hangzhou,Enterprise Tech,2019
Athletic Greens,1.32,2022-01-25,United States,New York,Healthcare & Life Sciences,2022
Unisound,1.31,2018-07-19,China,Beijing,Enterprise Tech,2018
Alzheon,1.31,2020-09-30,United States,Framingham,Healthcare & Life Sciences,2020
MasterControl,1.3,2022-12-15,United States,Salt Lake City,Healthcare & Life Sciences,2022
eFishery,1.3,2023-05-25,Indonesia,Bandung,Industrials,2023
Zum,1.3,2024-01-31,United States,Redwood City,Industrials,2024
HeartFlow,1.3,2017-12-04,United States,Redwood City,Healthcare & Life Sciences,2017
Shiprocket,1.23,2022-08-16,India,New Delhi,Consumer & Retail,2022
The Brandtech Group,1.3,2019-11-19,United States,New York,Enterprise Tech,2019
HashKeyHashKey,1.3,2024-01-16,Hong Kong,Hong Kong,Financial Services,2024
Insightec,1.3,2020-03-06,Israel,Tirat Carmel,Healthcare & Life Sciences,2020
Everly Health,1.3,2020-12-03,United States,Austin,Healthcare & Life Sciences,2020
Manner,1.3,2020-12-24,China,Shanghai,Consumer & Retail,2020
TalkingData,1.3,2021-01-06,China,Beijing,Enterprise Tech,2021
DistroKid,1.3,2021-08-16,United States,New York,Media & Entertainment,2021
Konfio,1.3,2021-09-29,Mexico,Mexico City,Financial Services,2021
Betterment,1.3,2021-09-29,United States,New York,Financial Services,2021
Flock Freight,1.3,2021-10-20,United States,Encinitas,Industrials,2021
YugaByte,1.3,2021-10-28,United States,Sunnyvale,Enterprise Tech,2021
Lukka,1.3,2022-01-14,United States,New York,Financial Services,2022
TravelPerk,1.3,2022-01-12,Spain,Barcelona,Enterprise Tech,2022
iTrustCapital,1.3,2022-01-11,United States,Long Beach,Financial Services,2022
Domestika,1.3,2022-01-27,United States,Berkeley,Media & Entertainment,2022
CoinTracker,1.3,2022-01-27,United States,San Francisco,Financial Services,2022
Loadsmart,1.3,2022-02-01,United States,New York,Industrials,2022
TUNGEE,1.3,2021-12-15,China,Guangzhou,Enterprise Tech,2021
Yubi,1.5,2022-03-07,India,Chennai,Financial Services,2022
LinkTree,1.3,2022-03-16,Australia,Melbourne,Media & Entertainment,2022
Island,1.5,2022-03-23,United States,Dallas,Enterprise Tech,2022
Clipboard Health,1.3,2022-02-01,United States,San Francisco,Healthcare & Life Sciences,2022
Biofourmis,1.3,2022-04-26,United States,Boston,Healthcare & Life Sciences,2022
STORD,1.3,2021-09-13,United States,Atlanta,Industrials,2021
Optibus,1.3,2022-05-16,Israel,Tel Aviv,Industrials,2022
Keyfactor,1.3,2023-10-24,United States,Independence,Enterprise Tech,2023
Equashield,1.3,2022-10-06,United States,Port Washington,Healthcare & Life Sciences,2022
Intercom,1.28,2018-03-27,United States,San Francisco,Enterprise Tech,2018
OVO Energy,1.28,2019-02-14,United Kingdom,Bristol,Industrials,2019
Huisuanzhang,1.28,2021-05-24,China,Beijing,Financial Services,2021
WTOIP,1.27,2018-04-08,China,Guangzhou,Enterprise Tech,2018
PeopleCert,1.27,2021-06-23,Greece,Athens,Enterprise Tech,2021
Greater Bay Technology,1.26,2022-04-02,China,Guangzhou,Industrials,2022
JMGO,1.26,2022-03-15,China,Shenzhen,Industrials,2022
BigID,1.25,2020-12-16,United States,New York,Enterprise Tech,2020
Polyhedra Network,1.25,2024-03-14,United States,San Francisco,Enterprise Tech,2024
Kuaikan Manhua,1.25,2017-12-01,China,Beijing,Media & Entertainment,2017
Marshmallow,1.25,2021-09-08,United Kingdom,London,Insurance,2021
Honor Technology,1.25,2021-10-05,United States,San Francisco,Healthcare & Life Sciences,2021
Together AI,1.25,2024-03-13,United States,San Francisco,Enterprise Tech,2024
QI Tech,1.0,2023-10-31,Brazil,Sao Paulo,Financial Services,2023
Mythical Games,1.0,2021-11-04,United States,Sherman Oaks,Media & Entertainment,2021
Incode Technologies,1.25,2021-12-07,United States,San Francisco,Enterprise Tech,2021
Tackle.io,1.25,2021-12-21,United States,Boise,Enterprise Tech,2021
Flipdish,1.25,2022-01-13,Ireland,Dublin,Consumer & Retail,2022
CaptivateIQ,1.25,2022-01-26,United States,San Francisco,Enterprise Tech,2022
Talos,1.25,2022-05-10,United States,New York,Financial Services,2022
airSlate,1.25,2022-06-16,United States,Brookline,Enterprise Tech,2022
ClassDojo,1.25,2022-07-21,United States,San Francisco,Consumer & Retail,2022
BrewDog,1.24,2017-04-10,United Kingdom,Aberdeen,Consumer & Retail,2017
Enflame,1.24,2021-01-05,China,Shanghai,Enterprise Tech,2021
Shulan Health,1.24,2021-03-01,China,Hangzhou,Healthcare & Life Sciences,2021
SeatGeek,1.24,2022-08-31,United States,New York,Media & Entertainment,2022
Nexii,1.23,2021-09-08,Canada,Vancouver,Industrials,2021
InDrive,1.23,2021-02-01,United States,Mountain View,Industrials,2021
Spiber,1.22,2021-09-08,Japan,Tsuruoka,Industrials,2021
Insider,2.0,2022-02-28,Turkey,Istanbul,Enterprise Tech,2022
Kallyope,1.22,2022-02-15,United States,New York,Healthcare & Life Sciences,2022
Zip,1.5,2022-05-25,United States,San Francisco,Enterprise Tech,2022
Cart.com,1.2,2023-06-27,United States,Austin,Consumer & Retail,2023
Replit,1.05,2023-04-25,United States,San Francisco,Enterprise Tech,2023
Mews,1.2,2024-03-04,Netherlands,Amsterdam,Enterprise Tech,2024
Our Next Energy,1.2,2023-02-01,United States,Novi,Industrials,2023
Lightmatter,1.2,2023-12-19,United States,Mountain View,Enterprise Tech,2023
Castore,1.2,2023-11-29,United Kingdom,Manchester,Consumer & Retail,2023
Yiguo,1.2,2016-11-09,China,Shanghai,Consumer & Retail,2016
Glossier,1.65,2019-03-19,United States,New York,Consumer & Retail,2019
Workhuman,1.2,2020-06-23,Ireland,Dublin,Enterprise Tech,2020
Qumulo,1.2,2020-07-16,United States,Seattle,Enterprise Tech,2020
Tealium,1.2,2021-02-03,United States,San Diego,Enterprise Tech,2021
Public,1.2,2021-02-17,United States,New York,Financial Services,2021
Pipa Coding,1.2,2021-03-25,China,Beijing,Consumer & Retail,2021
Pilot,1.2,2021-03-26,United States,San Francisco,Financial Services,2021
Aibee,1.2,2021-04-13,China,Beijing,Enterprise Tech,2021
Vectra Networks,1.2,2021-04-29,United States,San Jose,Enterprise Tech,2021
Ada,1.2,2021-05-07,Canada,Toronto,Enterprise Tech,2021
SmartMore,1.2,2021-06-24,China,Shenzhen,Industrials,2021
Rohlik Group,1.2,2021-07-01,Czech Republic,Prague,Consumer & Retail,2021
FloQast,1.2,2021-07-21,United States,Los Angeles,Financial Services,2021
MindTickle,1.2,2021-08-03,United States,San Francisco,Enterprise Tech,2021
Offchain Labs,1.2,2021-08-31,United States,Princeton,Enterprise Tech,2021
Copado,1.2,2021-09-13,United States,Chicago,Enterprise Tech,2021
Gem,1.2,2021-09-28,United States,San Francisco,Enterprise Tech,2021
CarDekho,1.2,2021-10-13,India,Jaipur,Industrials,2021
The Good Glamm Group,1.2,2021-11-10,India,Mumbai,Consumer & Retail,2021
AgentSync,1.2,2021-12-07,United States,Denver,Insurance,2021
Pristyn Care,1.4,2021-12-07,India,Gurugram,Healthcare & Life Sciences,2021
Merama,1.2,2021-12-09,Mexico,Mexico City,Consumer & Retail,2021
SeekOut,1.2,2022-01-12,United States,Bellevue,Enterprise Tech,2022
BigPanda,1.2,2022-01-12,United States,Mountain View,Enterprise Tech,2022
Phantom,1.2,2022-01-31,United States,San Francisco,Financial Services,2022
LivSpace,1.2,2022-02-08,India,Bengaluru,Consumer & Retail,2022
Nova Labs,1.2,2022-02-22,United States,San Francisco,Enterprise Tech,2022
Choco,1.2,2022-04-12,Germany,Berlin,Consumer & Retail,2022
Viz.ai,1.2,2022-04-07,United States,San Francisco,Healthcare & Life Sciences,2022
Unit,1.2,2022-05-17,United States,New York,Financial Services,2022
stori,1.2,2022-07-15,Mexico,Juarez,Financial Services,2022
Spectrum Medical,1.2,2022-07-18,United Kingdom,Gloucester,Healthcare & Life Sciences,2022
Swiftly,1.2,2022-09-19,United States,Seattle,Consumer & Retail,2022
CloudBees,1.15,2021-12-09,United States,San Jose,Enterprise Tech,2021
Flink,1.07,2021-12-01,Germany,Berlin,Consumer & Retail,2021
Colossal,1.19,2023-01-31,United States,Austin,Healthcare & Life Sciences,2023
L&P Cosmetic,1.19,2016-01-01,South Korea,Seoul,Consumer & Retail,2016
Mininglamp Technology,1.19,2019-03-27,China,Beijing,Enterprise Tech,2019
Vestiaire Collective,1.18,2021-03-01,France,Paris,Consumer & Retail,2021
Luoji Siwei,1.18,2017-07-20,China,Beijing,Media & Entertainment,2017
Yimidida,1.17,2019-01-14,China,Shanghai,Industrials,2019
Modern Health,1.17,2021-02-11,United States,San Francisco,Healthcare & Life Sciences,2021
IRL,1.17,2021-06-15,United States,San Francisco,Media & Entertainment,2021
Younited,1.16,2022-12-08,France,Paris,Financial Services,2022
Uzum,1.16,2024-03-26,Uzbekistan,Tashkent,Financial Services,2024
SOURCE Global,1.16,2022-04-29,United States,Scottsdale,Industrials,2022
LifeMiles,1.15,2015-07-13,Colombia,Bogota,Consumer & Retail,2015
Venafi,1.15,2020-12-10,United States,Salt Lake City,Enterprise Tech,2020
Guideline,1.15,2021-06-16,United States,San Mateo,Financial Services,2021
Rebellion Defense,1.15,2021-09-16,United States,Washington DC,Industrials,2021
Elemy,1.15,2021-10-06,United States,San Francisco,Healthcare & Life Sciences,2021
TELD,1.12,2019-12-16,China,Qingdao,Industrials,2019
Enable,1.12,2023-11-07,United States,San Francisco,Enterprise Tech,2023
DANA,1.13,2022-08-10,Indonesia,Jakarta,Financial Services,2022
At-Bay,1.12,2021-07-27,United States,Mountain View,Insurance,2021
Visby Medical,1.12,2022-03-01,United States,San Jose,Healthcare & Life Sciences,2022
Invoca,1.1,2022-06-14,United States,Santa Barbara,Enterprise Tech,2022
ElevenLabs,1.1,2024-01-22,United States,New York,Enterprise Tech,2024
Wasabi,1.1,2022-09-27,United States,Boston,Enterprise Tech,2022
Halan,1.0,2023-02-01,Egypt,Cairo,Financial Services,2023
BioCatch,1.0,2023-11-20,Israel,Tel Aviv,Enterprise Tech,2023
Baichuan AI,1.0,2023-10-17,China,Beijing,Enterprise Tech,2023
Rokid,1.0,2023-11-20,United States,Redwood City,Media & Entertainment,2023
Krutrim,1.0,2024-01-26,India,Bengaluru,Enterprise Tech,2024
Headway,1.0,2023-10-05,United States,Orlando,Healthcare & Life Sciences,2023
Flexe,1.0,2022-04-21,United States,Seattle,Industrials,2022
TangoMe,1.1,2014-03-20,United States,Mountain View,Media & Entertainment,2014
AppDirect,1.1,2015-10-07,United States,San Francisco,Enterprise Tech,2015
Juanpi,1.1,2016-04-14,China,Wuhan,Consumer & Retail,2016
OVH,1.1,2016-08-15,France,Roubaix,Enterprise Tech,2016
GetYourGuide,2.0,2019-05-16,Germany,Berlin,Consumer & Retail,2019
Ivalua,1.1,2019-05-21,United States,Redwood City,Enterprise Tech,2019
Sisense,1.1,2020-01-09,United States,New York,Enterprise Tech,2020
Pharmapacks,1.1,2020-11-12,United States,Islandia,Consumer & Retail,2020
Sennder,1.1,2021-01-14,Germany,Berlin,Industrials,2021
Nexthink,1.1,2021-02-08,Switzerland,Prilly,Enterprise Tech,2021
Zego,1.1,2021-03-09,United Kingdom,London,Insurance,2021
Rightway,1.1,2021-03-30,United States,New York,Healthcare & Life Sciences,2021
Sunbit,1.1,2021-05-20,United States,Los Angeles,Financial Services,2021
Qingting FM,1.1,2021-06-02,China,Shanghai,Media & Entertainment,2021
G2,1.1,2021-06-22,United States,Chicago,Enterprise Tech,2021
Hailo,1.0,2021-10-12,Israel,Tel Aviv,Enterprise Tech,2021
Caribou,1.1,2022-05-23,United States,Denver,Insurance,2022
Nowports,1.1,2022-05-24,Mexico,Monterrey,Industrials,2022
People.ai,1.1,2021-08-11,United States,San Francisco,Enterprise Tech,2021
Carousell,1.1,2021-09-15,Singapore,Singapore City,Consumer & Retail,2021
apna,1.1,2021-09-15,India,Bengaluru,Enterprise Tech,2021
Karat,1.1,2021-10-13,United States,Seattle,Enterprise Tech,2021
Enpal,1.1,2021-10-18,Germany,Berlin,Industrials,2021
Acko General Insurance,1.1,2021-10-28,India,Bengaluru,Insurance,2021
Daily Harvest,1.1,2021-11-16,United States,New York,Consumer & Retail,2021
The Bank of London,1.1,2021-11-30,United Kingdom,London,Financial Services,2021
Fundbox,1.1,2021-11-30,United States,San Francisco,Financial Services,2021
Turing,1.1,2021-12-20,United States,Palo Alto,Enterprise Tech,2021
GlobalBees,1.1,2021-12-28,India,New Delhi,Consumer & Retail,2021
LEAD,1.1,2022-01-13,India,Andheri,Consumer & Retail,2022
eSentire,1.1,2022-02-22,Canada,Waterloo,Enterprise Tech,2022
Beyond Identity,1.1,2022-02-22,United States,New York,Enterprise Tech,2022
Staffbase,1.1,2022-03-15,Germany,Chemnitz,Enterprise Tech,2022
Chief,1.1,2022-03-31,United States,New York,Consumer & Retail,2022
IntelyCare,1.1,2022-04-06,United States,Quincy,Healthcare & Life Sciences,2022
Teleport,1.1,2022-05-03,United States,Oakland,Enterprise Tech,2022
Imply Data,1.1,2022-05-17,United States,Burlingame,Enterprise Tech,2022
Material Security,1.1,2022-05-11,United States,Redwood City,Enterprise Tech,2022
PhysicsWallah,1.1,2022-06-07,India,Uttar Pradesh,Consumer & Retail,2022
Recover,1.1,2022-06-09,Spain,Banyeres de Mariola,Industrials,2022
Purplle,1.1,2022-06-09,India,Mumbai,Consumer & Retail,2022
CAIS,1.1,2022-01-11,United States,New York,Financial Services,2022
Nxin,1.08,2018-09-18,China,Beijing,Industrials,2018
UISEE Technology,1.08,2021-01-25,China,Beijing,Industrials,2021
56PINGTAI,1.08,2021-01-25,China,Shanghai,Industrials,2021
Cirkul,1.07,2022-06-13,United States,Sarasota,Consumer & Retail,2022
Radius Payment Solutions,1.07,2017-11-27,United Kingdom,Crewe,Industrials,2017
InCred,1.05,2023-11-09,India,Mumbai,Financial Services,2023
0x,1.05,2022-04-26,United States,San Francisco,Financial Services,2022
Jiuxian,1.05,2015-07-30,China,Beijing,Consumer & Retail,2015
Instabase,2.0,2019-10-21,United States,San Francisco,Enterprise Tech,2019
Sendbird,1.05,2021-04-06,United States,San Mateo,Enterprise Tech,2021
Density,1.05,2021-11-10,United States,San Francisco,Enterprise Tech,2021
Mixpanel,1.05,2021-11-15,United States,San Francisco,Enterprise Tech,2021
Branch,1.05,2022-03-01,United States,Columbus,Insurance,2022
OrCam Technologies,1.03,2018-02-20,Israel,Jerusalem,Healthcare & Life Sciences,2018
B&C Chemical,1.02,2023-04-19,China,Pizhou,Industrials,2023
Ample,1.02,2021-11-11,United States,San Francisco,Industrials,2021
BlackBuck,1.02,2021-07-22,India,Bengaluru,Industrials,2021
Wheel,1.01,2022-01-19,United States,Austin,Healthcare & Life Sciences,2022
Vestwell,1.0,2023-12-21,United States,New York,Financial Services,2023
Minute Media,1.0,2024-01-30,United States,New York,Media & Entertainment,2024
Perfios,1.0,2024-03-13,India,Mumbai,Financial Services,2024
Tamara,1.0,2023-12-18,Saudi Arabia,Riyadh,Financial Services,2023
Xreal,1.0,2024-01-29,China,Beijing,Media & Entertainment,2024
Silverfort,1.0,2024-01-23,Israel,Tel Aviv,Enterprise Tech,2024
IntraBio,1.0,2024-03-23,United Kingdom,Oxfordshire,Healthcare & Life Sciences,2024
Andalusia Labs,1.0,2023-12-13,United Arab Emirates,Abu Dhabi,Enterprise Tech,2023
EmployerDirect Healthcare,1.0,2023-12-19,United States,Dallas,Healthcare & Life Sciences,2023
Electric Hydrogen,1.0,2023-10-03,United States,Natick,Industrials,2023
TechMet,1.0,2023-12-07,Ireland,Dublin,Industrials,2023
MaintainX,1.0,2023-12-06,United States,San Fransisco,Enterprise Tech,2023
01.AI,1.0,2023-11-05,China,Beijing,Enterprise Tech,2023
MindMaze,1.0,2022-02-17,Switzerland,Lausanne,Health,2022
Avenue One,1.0,2023-05-15,United States,New York,Financial Services,2023
DataSnipper,1.0,2024-02-01,Netherlands,Amsterdam,Enterprise Tech,2024
Zhipu AI,1.0,2023-09-20,China,Beijing ,Enterprise Tech,2023
Flashbots,1.0,2023-07-21,Cayman Islands,Grand Cayman,Enterprise Tech,2023
Typeface,1.0,2023-06-29,United States,Los Altos,Enterprise Tech,2023
Imbue,1.0,2023-09-07,United States,San Francisco,Enterprise Tech,2023
Restaurant365,1.0,2023-05-19,United States,Irvine,Consumer & Retail,2023
Kin,1.0,2023-09-13,United States,Chicago,Insurance,2023
DeepL,1.0,2023-01-11,Germany,Cologne,Enterprise Tech,2023
KoBold Metals,1.0,2023-06-20,United States,Berkeley,Industrials,2023
Go,1.0,2023-05-24,Japan,Tokyo,Industrials,2023
Percent,1.0,2018-11-30,China,Beijing,Enterprise Tech,2018
1Komma5,1.08,2023-06-23,Germany,Hamburg,Industrials,2023
Gradiant,1.0,2023-05-17,United States,Woburn,Industrials,2023
Palmetto,1.0,2022-02-24,United States,Charleston,Industrials,2022
Synthesia,1.0,2023-06-13,United Kingdom,London,Enterprise Tech,2023
Prove Identity,1.0,2020-06-18,United States,New York,Enterprise Tech,2020
Character.AI,1.0,2023-03-03,United States,Menlo Park,Media & Entertainment,2023
Atmosphere,1.0,2023-02-07,United States,Austin,Media & Entertainment,2023
Adept,1.0,2023-03-14,United States,San Francisco,Enterprise Tech,2023
Beamery,1.0,2022-12-13,United Kingdom,London,Enterprise Tech,2022
Flow,1.0,2022-08-15,United States,New York,Financial Services,2022
Xanadu,1.0,2022-11-09,Canada,Toronto,Enterprise Tech,2022
LINE MAN Wongnai,1.0,2022-09-26,Thailand,Bangkok,Consumer & Retail,2022
Celestia,1.0,2022-10-19,Liechtenstein,Vaduz,Enterprise Tech,2022
Stability AI,1.0,2022-10-05,United Kingdom,London,Enterprise Tech,2022
Satispay,1.0,2022-09-28,Italy,Milan,Financial Services,2022
Paystand,1.0,2022-08-02,United States,Scotts Valley,Financial Services,2022
Turntide Technologies,1.0,2022-06-15,United States,Sunnyvale,Industrials,2022
EcoVadis,1.0,2022-06-14,France,Paris,Enterprise Tech,2022
TransferMate,1.0,2022-05-22,Ireland,Kilkenny,Financial Services,2022
Lookout,1.0,2013-10-10,United States,San Francisco,Enterprise Tech,2013
Snapdeal,1.0,2014-05-21,India,New Delhi,Consumer & Retail,2014
TechStyle Fashion Group,1.0,2014-08-29,United States,El Segundo,Consumer & Retail,2014
Zebec,1.0,2022-08-29,United States,San Francisco,Financial Services,2022
InMobi,1.0,2014-12-02,India,Bengaluru,Enterprise Tech,2014
LinkSure Network,1.0,2015-01-01,China,Shanghai,Industrials,2015
Red Ventures,1.0,2015-01-07,United States,Fort Mill,Media & Entertainment,2015
BeiBei,1.0,2015-01-22,China,Hangzhou,Consumer & Retail,2015
Lamabang,1.0,2015-03-06,China,Shenzhen,Consumer & Retail,2015
Jimu,1.0,2015-04-21,China,Beijing,Financial Services,2015
ShareCRM,1.0,2015-07-02,China,Beijing,Enterprise Tech,2015
Mia.com,1.0,2015-09-08,China,Beijing,Consumer & Retail,2015
58 Daojia,1.0,2015-10-12,China,Beijing,Consumer & Retail,2015
Womai,1.0,2015-10-12,China,Beijing,Consumer & Retail,2015
HuJiang,1.0,2015-10-29,China,Shanghai,Consumer & Retail,2015
iTutorGroup,1.0,2015-11-18,China,Shanghai,Consumer & Retail,2015
iCarbonX,1.0,2016-04-12,China,Shenzhen,Healthcare & Life Sciences,2016
Kendra Scott,1.0,2016-12-21,United States,Austin,Consumer & Retail,2016
Mobvoi,1.0,2017-04-06,China,Beijing,Consumer & Retail,2017
Zhuan Zhuan,1.0,2017-04-18,China,Beijing,Consumer & Retail,2017
Modernizing Medicine,1.0,2017-05-10,United States,Boca Raton,Healthcare & Life Sciences,2017
DianRong,1.0,2017-08-02,China,Shanghai,Financial Services,2017
YH Global,1.0,2017-09-21,China,Shenzhen,Industrials,2017
Revolution Precrafted,1.0,2017-10-23,Philippines,Manila,Industrials,2017
WeLab,1.0,2017-11-08,Hong Kong,Hong Kong,Financial Services,2017
Maimai,1.0,2017-11-15,China,Beijing,Media & Entertainment,2017
Dxy.cn,1.0,2018-04-10,China,Hangzhou,Healthcare & Life Sciences,2018
HMD Global,1.0,2018-05-21,Finland,Espoo,Industrials,2018
Huike Group,1.0,2018-05-24,China,Beijing,Enterprise Tech,2018
ChinaC.com,1.0,2018-06-11,China,Wuxi,Enterprise Tech,2018
LinkDoc Technology,1.0,2018-07-05,China,Beijing,Healthcare & Life Sciences,2018
Movile,1.0,2018-07-12,Brazil,Sao Paulo,Consumer & Retail,2018
Pat McGrath Labs,1.0,2018-07-16,United States,New York,Consumer & Retail,2018
Wacai,1.0,2018-07-18,China,Hangzhou,Financial Services,2018
FlashEx,1.0,2018-08-27,China,Beijing,Industrials,2018
Banma Network Technologies,1.0,2018-09-13,China,Shanghai,Industrials,2018
Tresata,1.0,2018-10-10,United States,Charlotte,Financial Services,2018
Momenta,1.0,2018-10-17,China,Beijing,Industrials,2018
Hosjoy,1.0,2018-10-18,China,Nanjing,Consumer & Retail,2018
Omio,1.0,2018-10-23,Germany,Berlin,Consumer & Retail,2018
TERMINUS Technology,1.0,2018-10-25,China,Beijing,Industrials,2018
BitFury,1.0,2018-11-06,Netherlands,Amsterdam,Enterprise Tech,2018
REEF Technology,1.0,2018-12-10,United States,Miami,Industrials,2018
Globality,1.0,2019-01-22,United States,Menlo Park,Enterprise Tech,2019
Ynsect,1.0,2019-02-21,France,Evry,Industrials,2019
Poizon,1.0,2019-04-29,China,Shanghai,Consumer & Retail,2019
SITECH DEV,1.0,2019-05-16,China,Guiyang,Industrials,2019
KnowBox,1.0,2019-05-30,China,Beijing,Consumer & Retail,2019
Yanolja,1.0,2019-06-10,South Korea,Seoul,Consumer & Retail,2019
Meero,1.0,2019-06-18,France,Paris,Media & Entertainment,2019
Ibotta,1.0,2019-08-06,United States,Denver,Consumer & Retail,2019
C2FO,1.0,2019-08-07,United States,Leawood,Financial Services,2019
Numbrs,1.0,2019-08-22,Switzerland,Zurich,Financial Services,2019
EBANX,1.0,2019-10-16,Brazil,Curitiba,Financial Services,2019
KK Group,3.0,2019-10-23,China,Dongguan,Consumer & Retail,2019
Hotmart,1.0,2020-03-17,Netherlands,Amsterdam,Consumer & Retail,2020
Dubizzle Group,1.0,2020-04-28,United Arab Emirates,Dubai,Consumer & Retail,2020
Quizlet,1.0,2020-05-13,United States,San Francisco,Consumer & Retail,2020
Orca Bio,1.0,2020-06-17,United States,Menlo Park,Healthcare & Life Sciences,2020
Infobip,1.0,2020-07-30,Croatia,Vodnjan,Enterprise Tech,2020
Zwift,1.0,2020-09-16,United States,Long Beach,Healthcare & Life Sciences,2020
Playco,1.0,2020-09-21,Japan,Tokyo,Media & Entertainment,2020
Gousto,1.7,2020-11-03,United Kingdom,London,Consumer & Retail,2020
Alation,1.7,2021-06-03,United States,Redwood City,Enterprise Tech,2021
Boom Supersonic,1.0,2020-12-16,United States,Englewood,Industrials,2020
Quantum Metric,1.0,2021-01-07,United States,Colorado Springs,Enterprise Tech,2021
News Break,1.0,2021-01-07,United States,Mountain View,Media & Entertainment,2021
MadeiraMadeira,1.0,2021-01-07,Brazil,Parana,Consumer & Retail,2021
PPRO,1.0,2021-01-19,United Kingdom,London,Financial Services,2021
Splashtop,1.0,2021-01-27,United States,San Jose,Enterprise Tech,2021
Flash Express,1.0,2021-02-01,Thailand,Bangkok,Industrials,2021
Axiom Space,1.0,2021-02-16,United States,Houston,Industrials,2021
Locus Robotics,1.0,2021-02-17,United States,Wilmington,Industrials,2021
Standard AI,1.0,2021-02-17,United States,San Francisco,Consumer & Retail,2021
Newsela,1.0,2021-02-25,United States,New York,Consumer & Retail,2021
Aqua Security,1.0,2021-03-10,Israel,Ramat Gan,Enterprise Tech,2021
PatSnap,1.0,2021-03-16,Singapore,Singapore City,Enterprise Tech,2021
Evidation,1.0,2021-03-22,United States,San Mateo,Healthcare & Life Sciences,2021
Sidecar Health,1.0,2021-01-26,United States,El Segundo,Healthcare & Life Sciences,2021
Feedzai,1.0,2021-03-24,United States,San Mateo,Financial Services,2021
Yunxuetang,1.0,2021-03-29,China,Suzhou,Enterprise Tech,2021
Cameo,1.0,2021-03-30,United States,Chicago,Media & Entertainment,2021
Hyperchain,1.0,2021-04-11,China,Hangzhou,Enterprise Tech,2021
The Zebra,1.0,2021-04-12,United States,Austin,Insurance,2021
Groq,1.0,2021-04-14,United States,Mountain View,Enterprise Tech,2021
Fiture,1.0,2021-04-14,China,Chengdu,Healthcare & Life Sciences,2021
Injective,1.0,2021-04-20,United States,New York,Financial Services,2021
Sift,1.0,2021-04-22,United States,San Francisco,Enterprise Tech,2021
Teya,1.0,2021-04-09,United Kingdom,London,Financial Services,2021
Capsule,1.0,2021-04-28,United States,New York,Healthcare & Life Sciences,2021
MOLOCO,1.5,2021-04-29,United States,Redwood City,Enterprise Tech,2021
Inari,1.65,2021-05-12,United States,Cambridge,Industrials,2021
Mux,1.0,2021-04-30,United States,San Francisco,Media & Entertainment,2021
XForcePlus,1.0,2021-06-01,China,Shanghai,Enterprise Tech,2021
Augustinus Bader,1.0,2022-11-09,United Kingdom,London,Consumer & Retail,2022
Shift,1.0,2021-05-06,France,Paris,Insurance,2021
TensTorrent,1.0,2021-05-05,Canada,Toronto,Enterprise Tech,2021
Zihaiguo,1.0,2021-05-06,China,Chongqing,Consumer & Retail,2021
Forte Labs,1.73,2021-05-12,United States,San Francisco,Media & Entertainment,2021
Axtria,1.0,2021-05-13,United States,Berkeley Heights,Enterprise Tech,2021
Amount,1.0,2021-05-17,United States,Chicago,Financial Services,2021
Vise,1.0,2021-05-18,United States,New York,Financial Services,2021
Printful,1.0,2021-05-24,United States,Charlotte,Consumer & Retail,2021
Matrixport,1.05,2021-06-01,Singapore,Singapore City,Financial Services,2021
Shippo,1.0,2021-06-02,United States,San Francisco,Industrials,2021
Thirty Madison,1.0,2021-06-02,United States,New York,Healthcare & Life Sciences,2021
LetsGetChecked,1.0,2021-06-07,Ireland,Dublin,Healthcare & Life Sciences,2021
EcoFlow,1.0,2021-06-10,China,Shenzhen,Industrials,2021
Carro,1.0,2021-06-14,Singapore,Singapore City,Industrials,2021
Tractable,1.0,2021-06-16,United Kingdom,London,Insurance,2021
Xiaoe Tech,1.0,2021-06-15,China,Shenzhen,Enterprise Tech,2021
Bringg,1.0,2021-06-16,Israel,Tel Aviv,Enterprise Tech,2021
Simply,1.0,2021-06-21,Israel,Tel Aviv,Media & Entertainment,2021
Worldcoin,1.0,2021-06-29,United States,San Francisco,Financial Services,2021
SmartAsset,1.0,2021-06-24,United States,New York,Financial Services,2021
Morning Consult,1.0,2021-06-08,United States,Washington DC,Enterprise Tech,2021
Visier,1.0,2021-06-29,Canada,Vancouver,Enterprise Tech,2021
ShipBob,1.0,2021-06-29,United States,Chicago,Consumer & Retail,2021
MobileCoin,1.06,2021-07-07,United States,San Francisco,Financial Services,2021
Amperity,1.0,2021-07-13,United States,Seattle,Enterprise Tech,2021
Pantheon Systems,1.0,2021-07-13,United States,San Francisco,Enterprise Tech,2021
Xiaoice,1.0,2021-07-12,China,Beijing,Media & Entertainment,2021
Caidya,1.0,2021-07-12,China,Shanghai,Healthcare & Life Sciences,2021
Carson Group,1.0,2021-07-14,United States,Lincoln,Financial Services,2021
NIUM,2.0,2021-07-13,Singapore,Singapore City,Financial Services,2021
Human Interest,1.0,2021-08-04,United States,San Francisco,Financial Services,2021
Bluecore,1.0,2021-08-05,United States,New York,Consumer & Retail,2021
Freshbooks,1.0,2021-08-10,Canada,Toronto,Enterprise Tech,2021
Snorkel AI,1.0,2021-08-09,United States,Palo Alto,Enterprise Tech,2021
Gelato,1.0,2021-08-16,Norway,Oslo,Consumer & Retail,2021
Maven,1.0,2021-08-17,United States,New York,Healthcare & Life Sciences,2021
PicsArt,1.0,2021-08-26,United States,San Francisco,Media & Entertainment,2021
1KMXC,1.0,2021-08-30,China,Hangzhou,Industrials,2021
Cider,1.0,2021-09-02,Hong Kong,Hong Kong,Consumer & Retail,2021
Berlin Brands Group,1.0,2021-09-01,Germany,Berlin,Consumer & Retail,2021
Agile Robots,1.0,2021-09-09,Germany,Munich,Industrials,2021
Mammoth Biosciences,1.0,2021-09-09,United States,Brisbane,Healthcare & Life Sciences,2021
Orchard,1.0,2021-09-09,United States,New York,Financial Services,2021
Xendit,1.0,2021-09-14,Indonesia,Jakarta,Financial Services,2021
TrueLayer,1.0,2021-09-21,United Kingdom,London,Financial Services,2021
Assembly,1.0,2021-09-21,United States,Culver City,Consumer & Retail,2021
PandaDoc,1.0,2021-09-22,United States,San Francisco,Enterprise Tech,2021
Keenon Robotics,1.0,2021-09-15,China,Shanghai,Industrials,2021
HAYDON,1.0,2021-09-24,China,Shanghai,Consumer & Retail,2021
Ninja Van,1.0,2021-09-27,Singapore,Singapore City,Consumer & Retail,2021
Vedantu,1.0,2021-09-29,India,Bengaluru,Consumer & Retail,2021
Formation Bio,1.0,2021-09-30,United States,New York,Healthcare & Life Sciences,2021
Ajaib,1.0,2021-10-04,Indonesia,Jakarta,Financial Services,2021
Licious,1.0,2021-10-05,India,Bengaluru,Consumer & Retail,2021
Masterworks,1.0,2021-10-05,United States,New York,Financial Services,2021
Chronosphere,1.0,2021-10-07,United States,New York,Enterprise Tech,2021
Solo.io,1.0,2021-10-07,United States,Cambridge,Enterprise Tech,2021
Savage X Fenty,1.0,2021-02-10,United States,El Segundo,Consumer & Retail,2021
Swile,1.0,2021-10-11,France,Montpellier,Enterprise Tech,2021
MobiKwik,1.0,2021-10-13,India,Gurugram,Financial Services,2021
Weights & Biases,1.25,2021-10-13,United States,San Francisco,Enterprise Tech,2021
Zopa,1.0,2021-10-19,United Kingdom,London,Financial Services,2021
Dental Monitoring,1.0,2021-10-21,France,Paris,Healthcare & Life Sciences,2021
CargoX,1.0,2021-10-21,Brazil,Sao Paulo,Industrials,2021
Fabric,1.0,2021-10-26,United States,New York,Consumer & Retail,2021
Augury,1.0,2021-10-26,United States,New York,Industrials,2021
Moka,1.0,2021-11-02,China,Beijing,Enterprise Tech,2021
Tezign,1.0,2021-11-02,China,Shanghai,Enterprise Tech,2021
Vagaro,1.0,2021-11-03,United States,Dublin,Consumer & Retail,2021
IGAWorks,1.0,2021-11-08,South Korea,Seoul,Enterprise Tech,2021
Contrast Security,1.0,2021-11-09,United States,Los Altos,Enterprise Tech,2021
Wrapbook,1.0,2021-11-10,United States,New York,Media & Entertainment,2021
Gaussian Robotics,1.1,2021-11-10,China,Shanghai,Industrials,2021
Mensa Brands,1.0,2021-11-16,India,Bengaluru,Consumer & Retail,2021
Heyday,1.0,2021-11-16,United States,Chicago,Consumer & Retail,2021
PLACE,1.0,2021-11-17,United States,Bellingham,Financial Services,2021
Stytch,1.0,2021-11-18,United States,San Francisco,Enterprise Tech,2021
Owkin,1.0,2021-11-18,United States,New York,Healthcare & Life Sciences,2021
Expel,1.0,2021-11-18,United States,Herndon,Enterprise Tech,2021
NoBroker,1.0,2021-11-23,India,Bengaluru,Financial Services,2021
Lessen,1.0,2021-11-30,United States,Scottsdale,Financial Services,2021
Clara,1.0,2021-12-06,Mexico,Mexico City,Financial Services,2021
YipitData,1.0,2021-12-06,United States,New York,Enterprise Tech,2021
Anyscale,1.0,2021-12-07,United States,Berkeley,Enterprise Tech,2021
Iodine Software,1.0,2021-12-01,United States,Austin,Healthcare & Life Sciences,2021
ReliaQuest,1.0,2021-12-01,United States,Tampa,Enterprise Tech,2021
Pet Circle,1.0,2021-12-06,Australia,Alexandria,Consumer & Retail,2021
Nature's Fynd,1.0,2021-07-19,United States,Chicago,Consumer & Retail,2021
Lydia,1.0,2021-12-08,France,Paris,Financial Services,2021
SellerX,1.0,2021-12-09,Germany,Berlin,Consumer & Retail,2021
SnapLogic,1.0,2021-12-13,United States,San Mateo,Enterprise Tech,2021
Cadence,1.0,2021-12-14,United States,New York,Healthcare & Life Sciences,2021
Noname Security,1.0,2021-12-15,United States,Palo Alto,Enterprise Tech,2021
Rothy's,1.0,2021-12-21,United States,San Francisco,Consumer & Retail,2021
VOI,1.0,2021-12-21,Sweden,Stockholm,Industrials,2021
Haomo.AI,1.0,2021-12-22,China,Beijing,Industrials,2021
Kopi Kenangan,1.0,2021-12-27,Indonesia,Jakarta,Consumer & Retail,2021
InFarm,1.0,2021-12-16,Germany,Berlin,Industrials,2021
ONE,1.0,2021-12-08,Singapore,Singapore City,Media & Entertainment,2021
Fractal Analytics,1.0,2022-01-05,India,Mumbai,Enterprise Tech,2022
Assent,1.0,2022-01-06,Canada,Ottawa,Industrials,2022
Placer.ai,1.0,2022-01-12,United States,Los Altos,Consumer & Retail,2022
Pentera,1.0,2022-01-11,Israel,Petah Tikva,Enterprise Tech,2022
Darwinbox,1.0,2022-01-25,India,Hyderabad,Enterprise Tech,2022
Minio,1.0,2022-01-26,United States,Palo Alto,Enterprise Tech,2022
Esusu,1.0,2022-01-27,United States,New York,Financial Services,2022
Betterfly,1.0,2022-02-01,Chile,Santiago,Enterprise Tech,2022
Dune Analytics,1.0,2022-02-02,Norway,Oslo,Enterprise Tech,2022
Scandit,1.0,2022-02-09,Switzerland,Zurich,Enterprise Tech,2022
Payhawk,1.0,2022-02-14,United Kingdom,London,Enterprise Tech,2022
Watershed,1.0,2022-02-08,United States,San Francisco,Enterprise Tech,2022
Axelar,1.0,2022-02-15,Canada,Waterloo,Enterprise Tech,2022
CHEQ,1.0,2022-02-22,United States,New York,Enterprise Tech,2022
Hasura,1.0,2022-02-22,India,Bengaluru,Enterprise Tech,2022
Timescale,1.0,2022-02-22,United States,New York,Enterprise Tech,2022
Scalapay,1.0,2022-02-23,Italy,Milan,Financial Services,2022
Omada Health,1.0,2022-02-23,United States,San Francisco,Healthcare & Life Sciences,2022
BlueVoyant,1.0,2022-02-23,United States,New York,Enterprise Tech,2022
Vendr,1.0,2022-02-24,United States,Boston,Enterprise Tech,2022
Gauntlet Networks,1.0,2022-03-07,United States,New York,Financial Services,2022
Aptos,1.0,2022-03-15,United States,Palo Alto,Enterprise Tech,2022
Glia,1.0,2022-03-21,United States,New York,Enterprise Tech,2022
CommerceIQ,1.0,2022-03-21,United States,Palo Alto,Consumer & Retail,2022
RapidAPI,1.0,2022-03-23,United States,San Francisco,Enterprise Tech,2022
Tarana Wireless,1.0,2022-03-23,United States,Milpitas,Industrials,2022
FLASH,1.0,2022-03-16,United States,Austin,Industrials,2022
Electric,1.0,2022-03-29,United States,New York,Enterprise Tech,2022
BostonGene,1.0,2022-04-06,United States,Waltham,Healthcare & Life Sciences,2022
Grover,1.0,2022-04-07,Germany,Berlin,Consumer & Retail,2022
Genies,1.0,2022-04-12,United States,Venice,Media & Entertainment,2022
Oyster,1.0,2022-04-20,United States,Wilmington,Enterprise Tech,2022
NexHealth,1.0,2022-04-21,United States,San Francisco,Healthcare & Life Sciences,2022
UPSIDE Foods,1.0,2022-04-21,United States,Berkeley,Consumer & Retail,2022
Factorial,1.0,2022-10-11,Spain,Barcelona,Enterprise Tech,2022
Divergent 3D,1.0,2022-04-25,United States,Torrance,Industrials,2022
Taxfix,1.0,2022-04-28,Germany,Berlin,Financial Services,2022
Open,1.0,2022-05-02,India,Bengaluru,Financial Services,2022
Opn,1.0,2022-05-09,Japan,Tokyo,Financial Services,2022
Remarkable,1.0,2022-05-10,Norway,Oslo,Consumer & Retail,2022
Habi,1.0,2022-05-11,Colombia,Bogota,Financial Services,2022
CareBridge,1.0,2022-06-08,United States,Nashville,Healthcare & Life Sciences,2022
Immuta,1.0,2022-06-08,United States,Boston,Enterprise Tech,2022
JupiterOne,1.0,2022-06-02,United States,Morrisville,Enterprise Tech,2022
Vayyar,1.0,2022-06-06,Israel,Yehud,Industrials,2022
LeadSquared,1.0,2022-06-21,India,Bengaluru,Enterprise Tech,2022
FourKites,1.0,2022-06-21,United States,Chicago,Enterprise Tech,2022
VulcanForms,1.0,2022-07-05,United States,Burlington,Industrials,2022
SingleStore,1.0,2022-07-12,United States,San Francisco,Enterprise Tech,2022
Unstoppable Domains,1.0,2022-07-27,United States,Las Vegas,Media & Entertainment,2022
